common_voice_pt_28689800|Muitas filhas e maus videntes desfazem o albergue.
common_voice_pt_28689802|Pirapozinho
common_voice_pt_28689804|Abdon Batista
common_voice_pt_28689806|Mandirituba
common_voice_pt_28689808|Barra d'Alcântara
common_voice_pt_28689849|Para a Virgem de agosto, os frades retornam à despensa.
common_voice_pt_28689850|Cacimbas
common_voice_pt_28689851|Amor antigo e madeiras antigas estão tentando entrar.
common_voice_pt_28689852|Guaimbê
common_voice_pt_28689853|Gênios maiores se perdem e a multidão terá sucesso!
common_voice_pt_28689859|Selbach
common_voice_pt_28689860|Confresa
common_voice_pt_28689861|Cotiporã
common_voice_pt_28689862|Boa tarde a todos.
common_voice_pt_28689863|Você que acha, prima Justina?
common_voice_pt_28689871|Meia hora não haverá tempo para o pessoal assistido.
common_voice_pt_28689873|com um aro de aço por dentro
common_voice_pt_28689874|Há mais dias que salsichas e mais horas que salsichas.
common_voice_pt_28689878|Congonhas do Norte
common_voice_pt_30148774|Ubatã
common_voice_pt_30148775|Aquela noite foi a última da feira.
common_voice_pt_30148776|O ácido láurico é encontrado no óleo de coco
common_voice_pt_30148777|Que perdia ele, se...
common_voice_pt_30148779|Modifique a atribuição do Gabinete Técnico Corporativo, que dependerá do Subdiretório.
common_voice_pt_30148840|Quantas horas a criança irá trabalhar todos os dias?
common_voice_pt_30148841|Papagaios
common_voice_pt_30148843|Mas a senhora mesma...
common_voice_pt_30148844|Tabaí
common_voice_pt_30148846|Coronel Pacheco
common_voice_pt_30148868|As pessoas sempre se ressentem de sua origem.
common_voice_pt_30148869|Verificação dos procedimentos normalmente adotados
common_voice_pt_30148870|Plantação de cabras, pior do que nublado.
common_voice_pt_30148871|De repente, um dos falcões fez um mergulho intermitente no céu, atacando o outro.
common_voice_pt_30148872|Não havia nada a dizer.
common_voice_pt_30148887|Entre a primeira perna, almoço, cafés e o retorno os cinco foram feitos.
common_voice_pt_30148888|Herval d'Oeste
common_voice_pt_30148891|Clique com cautela na resposta!
common_voice_pt_30148892|Terra de Areia
common_voice_pt_30148893|Mucambo
common_voice_pt_30148907|Vitória do Mearim
common_voice_pt_30148908|Eu quero fazer isso?
common_voice_pt_30148909|Carros e ônibus pararam em focas nevadas.
common_voice_pt_30148910|Ermo
common_voice_pt_30148911|Montadas
common_voice_pt_30148923|Cedro do Abaeté
common_voice_pt_30148925|Só o homem não é grato pela bondade que você faz com ele.
common_voice_pt_30148926|Pereiras
common_voice_pt_30148927|Pedras de Maria da Cruz
common_voice_pt_30148928|Deputado Irapuan Pinheiro
common_voice_pt_30148951|Ela mora perto de Caernarfon, então ela estará por perto para ajudar, se necessário.
common_voice_pt_30148953|Ainda procurando a porta novamente
common_voice_pt_30148954|E faz bem; ela gosta muito do senhor.
common_voice_pt_30148955|Quem mais faz, perde.
common_voice_pt_30148957|Soledade de Minas
common_voice_pt_30148969|Oliveira
common_voice_pt_30148970|Professor Jamil
common_voice_pt_30148971|Umbaúba
common_voice_pt_30148974|Em outros territórios e outras coordenadas ideológicas, encontramos casos semelhantes.
common_voice_pt_30148975|Candelária
common_voice_pt_30149190|Sigefredo Pacheco
common_voice_pt_30149191|Davinópolis
