common_voice_pt_34567100|Tapes
common_voice_pt_34567101|Quem não provou um tímido, não sabe doce.
common_voice_pt_34567104|Quis fazer uma tatuagem no braço
common_voice_pt_34567105|Hoje, a temperatura será maior entre noventa e quatro e onze graus Celsius.
common_voice_pt_34567218|Como diferentes pessoas e crenças adoram?
common_voice_pt_34567220|A luz do sol iluminou o céu do leste.
common_voice_pt_34567221|Piratuba
common_voice_pt_34567223|A irrelevância da atitude ficou evidente
common_voice_pt_34567224|Vendas do comércio varejista têm variação positiva
common_voice_pt_34567306|Você não vê os belos e os cegos verem aonde ir juntos.
common_voice_pt_34567307|Dom Pedro
common_voice_pt_34567308|todos têm direito a receber dos órgãos públicos informações de seu interesse particular
common_voice_pt_34567310|São Geraldo do Baixio
common_voice_pt_34567312|Reagindo aos conselhos financeiros da Alexa
common_voice_pt_34567403|Piau
common_voice_pt_34567405|Ela é vinte minutos para dois.
common_voice_pt_34567406|Tamboara
common_voice_pt_34567408|A língua é viva e progride no tempo
common_voice_pt_34567409|Nortelândia
common_voice_pt_34567470|Jenipapo dos Vieiras
common_voice_pt_34567471|Arez
common_voice_pt_34567472|Rãs cuspem nas abelhas.
common_voice_pt_34567473|Silencioso
common_voice_pt_34567474|Há provas do delito em vídeo e áudio
common_voice_pt_34567911|Cristino Castro
common_voice_pt_34567914|Olhos felizes eles veem, uma mão infeliz que esfrega isto.
common_voice_pt_34567918|Getulina
common_voice_pt_34567920|Muitas carícias para o Carnaval, mas ainda há mais o resto do ano.
common_voice_pt_34567924|Piratininga
common_voice_pt_34568013|A intenção era levar a narrativa de que "seria uma briga de bar"
common_voice_pt_34568017|E foi tão bom!
common_voice_pt_34568019|A seção subterrânea não é exposta a agentes externos, portanto sua degradação é menor.
common_voice_pt_34568021|todos podem reunir-se pacificamente, sem armas, em locais abertos ao público
common_voice_pt_34568024|Em agosto, o pasto e o mês de setembro amadurecem.
common_voice_pt_34568078|Santa Helena
common_voice_pt_34568079|Lutador de capoeira
common_voice_pt_34568081|Não houve consternação ou pêsames
common_voice_pt_34568083|Imparcialidade, civilidade e boa-fé
common_voice_pt_34568084|Você deve ouvir o concerto de louvor que sempre te rodeia!
common_voice_pt_34568141|Auto da Compadecida, do dramaturgo e romancista brasileiro Ariano Suassuna
common_voice_pt_34568142|A cabeça, sem nada para lidar, tende a evaporar.
common_voice_pt_34568143|Pedra Grande
common_voice_pt_34568144|O que vai antes, vai em frente.
common_voice_pt_34568145|E é isso que estamos fazendo.
common_voice_pt_34568299|Alhandra
common_voice_pt_34568300|Pavussu
common_voice_pt_34568301|Compre casa para viver e campo que você pode arar.
common_voice_pt_34568303|Santa Rosa do Purus
common_voice_pt_34568304|A resignação é um atributo que pode ser desenvolvido
common_voice_pt_34568381|Andaraí
common_voice_pt_34568383|A cabeça se rompe mais rápido que as pernas.
common_voice_pt_34568386|Morreu de susto
common_voice_pt_34568389|Itororó
common_voice_pt_34568391|De qualquer forma, agimos com cautela, o que também agradecemos ao governo.
common_voice_pt_34629144|Ibiara
common_voice_pt_34629150|Quem são os leviatãs?
common_voice_pt_34629152|Um cavalo doado não é visto nos dentes.
common_voice_pt_34629155|A pedra que cai não pára no final do declive.
common_voice_pt_34629157|Veredinha
common_voice_pt_34629249|Barra Velha
common_voice_pt_34629250|Não foi necessário.
common_voice_pt_34629252|Se marido e mulher falam com os pais, a dança é ruim.
common_voice_pt_34629254|Garcia pôde então observar que a dedicação ao ferido da rua D.
common_voice_pt_34629256|Mulher que canta, não olhe para o rosto dela.
common_voice_pt_34629335|Natércia
common_voice_pt_34629336|Para obter a documentação, foi um processo bem burocrático
common_voice_pt_34629337|O frio de outubro mata a lagarta.
common_voice_pt_34629338|Bom Jardim da Serra
common_voice_pt_34629341|Mutunópolis
common_voice_pt_34629394|Quando a pomba termina, a pomba morre.
common_voice_pt_34629399|Ela optou por fugir, e correu com pressa
common_voice_pt_34629402|Você ainda vai comer a coisa toda?
common_voice_pt_34629405|Buritama
common_voice_pt_34629536|Todos eles não se dirigiram.
common_voice_pt_34629538|Elisiário
common_voice_pt_34629539|Oh, nariz, quando você vai ser vinhedo!
common_voice_pt_34629543|Todos em sua casa sabem onde o cresol está pendurado.
common_voice_pt_34629544|Conciliação dos antagônicos
common_voice_pt_34629616|Severiano de Almeida
common_voice_pt_34629617|Quando vários jogadores tiverem cor, ganhe quem tiver o cartão de maior valor.
common_voice_pt_34629618|Riacho da Cruz
common_voice_pt_34629619|Aroeiras
common_voice_pt_34629620|Bicas
common_voice_pt_34629685|Processos administrativos da prefeitura
common_voice_pt_34629686|A nevasca que acometeu o sul do Brasil na noite passada
common_voice_pt_34629687|Eu a vi ao longe
common_voice_pt_34629688|Luciara
common_voice_pt_34629762|Nenhuma bebida de amor não excede o dinheiro.
common_voice_pt_34629763|No próximo final de semana será feriado.
common_voice_pt_34629764|O volume é, se não o fizer, semelhante.
common_voice_pt_34629766|Esperando a pessoa trabalhar em casa
common_voice_pt_34629767|Dez anos é muito longo
common_voice_pt_34629836|Olá Ann.
common_voice_pt_34629837|Itaoca
common_voice_pt_34629838|Seja audaz quando for editar
common_voice_pt_34629840|Bentinho quase que não sai de lá.
common_voice_pt_34629892|Japi
common_voice_pt_34629894|Se em teu formoso céu, risonho e límpido
common_voice_pt_34629896|Normas de conduta e demais ensaios
common_voice_pt_34629897|Goioerê
common_voice_pt_34630243|Nunca permita que ele durma na represa.
common_voice_pt_34630245|Eu garanto a você.
common_voice_pt_34630247|Parece que eles sabem alguma coisa aqui, dentro dos pulmões.
common_voice_pt_34630249|O que nós fizemos?
common_voice_pt_34630250|a lei estabelecerá o procedimento para desapropriação por necessidade ou utilidade pública
common_voice_pt_34630287|Salto do Lontra
common_voice_pt_34630290|Inácio Martins
common_voice_pt_34630292|Quando chove em fevereiro, tudo corre bem.
common_voice_pt_34630294|Será um momento.
common_voice_pt_34630297|Superar o relacionamento passado
common_voice_pt_34630351|Ribeirão do Largo
common_voice_pt_34630353|Então
common_voice_pt_34630354|Soa eles
common_voice_pt_34630355|Conselheiro Mairinck
common_voice_pt_34630394|Eles não oferecem uma fragrância agradável, que não é a sua força.
common_voice_pt_34630396|Colunista de política afirmou se tratar de um crime de ódio
common_voice_pt_34630397|Pedra Bela
common_voice_pt_34630398|Bernarda ficou surpresa.
common_voice_pt_34630400|Sua casca é mais alta que sua mordida.
common_voice_pt_34630474|O Greyhound, tente em janeiro.
common_voice_pt_34630475|Florestal
common_voice_pt_34630476|o civilmente identificado não será submetido a identificação criminal
common_voice_pt_34630477|Areado
common_voice_pt_34630478|Antônio João
common_voice_pt_34630542|O policial foi truculento em sua abordagem
common_voice_pt_34630544|Está meia hora ou um quarto atrasado até chegar?
common_voice_pt_34630545|Caparaó
common_voice_pt_34630547|Vulcão em erupção nas Canárias
common_voice_pt_34630583|Ministrou as aulas com consternação
common_voice_pt_34630584|Encontrando erros, você vai se preocupar!
common_voice_pt_34630585|Higienize a ferida e coloque um curativo
common_voice_pt_34630586|Rio Espera
common_voice_pt_34630587|Fórum Econômico Social
common_voice_pt_34630616|Brejo da Madre de Deus
common_voice_pt_34630621|Campinas do Sul
common_voice_pt_34630624|Belém de Maria
common_voice_pt_34630625|Chama-se tia de Calella porque se pensava que hoje era meu aniversário.
common_voice_pt_34630627|Que bom!
common_voice_pt_34630665|Quem quer que anseie um bezerro, a vaca desperdiça.
common_voice_pt_34630666|Os setores emergentes que poderiam ser relevantes.
common_voice_pt_34630668|Ibirapuitã
common_voice_pt_34630670|Jardim Alegre
common_voice_pt_34630672|Assassinou o guarda municipal e tesoureiro do partido: um crime político
common_voice_pt_34630699|Aruanã
common_voice_pt_34630700|Monitorar os relatórios de inclusão no Plano de Inspeção Territorial.
common_voice_pt_34630701|Fortaleza do Tabocão
common_voice_pt_34630702|Água, Senhor, que vinho você tem?
common_voice_pt_34630703|Querência
common_voice_pt_34644672|Punição por desacato a servidor público
common_voice_pt_34644673|Começa a Revolução Bolchevique
common_voice_pt_34644674|De grão em grão a galinha enche o papo
common_voice_pt_34644675|Camilo riu outra vez:
common_voice_pt_34644676|Piraí
common_voice_pt_34644742|Dois dias depois
common_voice_pt_34644743|O mercador esfregou as mãos de contente.
common_voice_pt_34644745|O fazendeiro sente falta se ele se afasta da terra.
common_voice_pt_34644747|O tempo estará seco às vezes, com pratos ensolarados.
common_voice_pt_34644748|Angelim
common_voice_pt_34644874|Bocaina de Minas
common_voice_pt_34644875|Serrana
common_voice_pt_34644877|Exu
common_voice_pt_34644878|Desenvolver a psicografia
common_voice_pt_34644879|Poloni
common_voice_pt_34645042|Conselhos do velho, do aviso do céu.
common_voice_pt_34645045|Mas Sangonera voltou a encolher para o barco sem obedecer ao mandato.
common_voice_pt_34645048|Visou o gol e deu um chute certeiro
common_voice_pt_34645049|A verdade era verde e ele bebeu um burro.
common_voice_pt_34645050|Garibaldi
common_voice_pt_34645169|Nós damos a cada um o nosso.
common_voice_pt_34645170|Você me entende
common_voice_pt_34645171|Camapuã
common_voice_pt_34645173|Cândido Rodrigues
common_voice_pt_34645174|O presidente ligou para irmãos do assassinado: 'um absurdo', disse a viúva
common_voice_pt_34645326|Este trem vai para Swansea?
common_voice_pt_34645327|É temporada de borboletas
common_voice_pt_34645328|Conceição do Araguaia
common_voice_pt_34645329|Desterro de Entre Rios
common_voice_pt_34645331|Quem é uma loira com asas vermelhas?
common_voice_pt_34645483|Sapucaia
common_voice_pt_34645484|É um código!”, disse a garota, bem satisfeita		6	0	thirties	male_masculine	Paranaense, mesclado com Rondoniense|Pai e Mãe nordestinos, possuo pouquíssimo sotaque dessa região do Brasil.	Portuguese (Brasil)	pt	
0e07a6c5f94a522f5069a00c96550a1a54202ab33d978ac359b44688d71c251c369e53ebf59810e93668158cb937a6364f5d53aae4b8efc869e775cafe80a3a5	common_voice_pt_34645485.mp3	694d17ff48bc793c8d7eb3390c0b4a7a1166b5281f0e2cecb31ea020266c7f86	Amigo da mesa, pouca confiança.		6	0	thirties	male_masculine	Paranaense, mesclado com Rondoniense|Pai e Mãe nordestinos, possuo pouquíssimo sotaque dessa região do Brasil.	Portuguese (Brasil)	pt	
0e07a6c5f94a522f5069a00c96550a1a54202ab33d978ac359b44688d71c251c369e53ebf59810e93668158cb937a6364f5d53aae4b8efc869e775cafe80a3a5	common_voice_pt_34645486.mp3	a037a2eb9d5e4352e2e04a2d9dbe4e82d80eed850b393b9a36289caa38690565	Romaria de Finados de Juazeiro do Norte		6	0	thirties	male_masculine	Paranaense, mesclado com Rondoniense|Pai e Mãe nordestinos, possuo pouquíssimo sotaque dessa região do Brasil.	Portuguese (Brasil)	pt	
0e07a6c5f94a522f5069a00c96550a1a54202ab33d978ac359b44688d71c251c369e53ebf59810e93668158cb937a6364f5d53aae4b8efc869e775cafe80a3a5	common_voice_pt_34645488.mp3	9ea9367435b55b9ac77a1c951c2a4f29b404a036447380749c869f3488239983	O homem é mais fácil de conseguir do que manter.		6	0	thirties	male_masculine	Paranaense, mesclado com Rondoniense|Pai e Mãe nordestinos, possuo pouquíssimo sotaque dessa região do Brasil.	Portuguese (Brasil)	pt	
0e07a6c5f94a522f5069a00c96550a1a54202ab33d978ac359b44688d71c251c369e53ebf59810e93668158cb937a6364f5d53aae4b8efc869e775cafe80a3a5	common_voice_pt_34645582.mp3	9c8177cb16ed9b42fe07ff973ead035e45efbe24516b319001332d4e445e3503	Que saco!		6	0	thirties	male_masculine	Paranaense, mesclado com Rondoniense|Pai e Mãe nordestinos, possuo pouquíssimo sotaque dessa região do Brasil.	Portuguese (Brasil)	pt	
0e07a6c5f94a522f5069a00c96550a1a54202ab33d978ac359b44688d71c251c369e53ebf59810e93668158cb937a6364f5d53aae4b8efc869e775cafe80a3a5	common_voice_pt_34645585.mp3	9fd9702b3d6b2db538aac64265da01e64bb75290877cd72d5631e0a14387d736	Matelândia		6	0	thirties	male_masculine	Paranaense, mesclado com Rondoniense|Pai e Mãe nordestinos, possuo pouquíssimo sotaque dessa região do Brasil.	Portuguese (Brasil)	pt	
0e07a6c5f94a522f5069a00c96550a1a54202ab33d978ac359b44688d71c251c369e53ebf59810e93668158cb937a6364f5d53aae4b8efc869e775cafe80a3a5	common_voice_pt_34645587.mp3	99a46b40ed66ad45c416bbcb62b4bd59d8f7b02a207bbbc260cb36cd0f6b8bb9	E o teu futuro espelha essa grandeza		6	0	thirties	male_masculine	Paranaense, mesclado com Rondoniense|Pai e Mãe nordestinos, possuo pouquíssimo sotaque dessa região do Brasil.	Portuguese (Brasil)	pt	
0e07a6c5f94a522f5069a00c96550a1a54202ab33d978ac359b44688d71c251c369e53ebf59810e93668158cb937a6364f5d53aae4b8efc869e775cafe80a3a5	common_voice_pt_34645589.mp3	2e818eec26340b493873a0167d5cfa5c23d62096750a93ccfba2c9ef56e90edb	O tatuador não cobrou muito		6	0	thirties	male_masculine	Paranaense, mesclado com Rondoniense|Pai e Mãe nordestinos, possuo pouquíssimo sotaque dessa região do Brasil.	Portuguese (Brasil)	pt	
0e07a6c5f94a522f5069a00c96550a1a54202ab33d978ac359b44688d71c251c369e53ebf59810e93668158cb937a6364f5d53aae4b8efc869e775cafe80a3a5	common_voice_pt_34645590.mp3	85363ea7964c549119e730d8a26c41549833af2a45c1a82d6de25f2737a46c1e	Jumirim		6	0	thirties	male_masculine	Paranaense, mesclado com Rondoniense|Pai e Mãe nordestinos, possuo pouquíssimo sotaque dessa região do Brasil.	Portuguese (Brasil)	pt	
0e07a6c5f94a522f5069a00c96550a1a54202ab33d978ac359b44688d71c251c369e53ebf59810e93668158cb937a6364f5d53aae4b8efc869e775cafe80a3a5	common_voice_pt_34645680.mp3	99933e98cbb4d40dcc06cea2bce25ee7f05d97b519048b2f8d54f33e5a0c58e3	Sapeaçu		6	0	thirties	male_masculine	Paranaense, mesclado com Rondoniense|Pai e Mãe nordestinos, possuo pouquíssimo sotaque dessa região do Brasil.	Portuguese (Brasil)	pt	
0e07a6c5f94a522f5069a00c96550a1a54202ab33d978ac359b44688d71c251c369e53ebf59810e93668158cb937a6364f5d53aae4b8efc869e775cafe80a3a5	common_voice_pt_34645681.mp3	8b662d86736192066020121357690b79ec58603d1fbf2ef9799876af081db36d	Não perca tempo: compre já o nosso produto		6	0	thirties	male_masculine	Paranaense, mesclado com Rondoniense|Pai e Mãe nordestinos, possuo pouquíssimo sotaque dessa região do Brasil.	Portuguese (Brasil)	pt	
0e07a6c5f94a522f5069a00c96550a1a54202ab33d978ac359b44688d71c251c369e53ebf59810e93668158cb937a6364f5d53aae4b8efc869e775cafe80a3a5	common_voice_pt_34645682.mp3	9876d2ce9d2ad631963710b5edbdc077dd981fab7ae1965758c8c16ab3efcb38	Bannach		6	0	thirties	male_masculine	Paranaense, mesclado com Rondoniense|Pai e Mãe nordestinos, possuo pouquíssimo sotaque dessa região do Brasil.	Portuguese (Brasil)	pt	
0e07a6c5f94a522f5069a00c96550a1a54202ab33d978ac359b44688d71c251c369e53ebf59810e93668158cb937a6364f5d53aae4b8efc869e775cafe80a3a5	common_voice_pt_34645683.mp3	497ce3189f86c6f0948bdd0c9426cc17c5610d72eb5ab40f80e3077f6cdcf1de	Lutadora de karatê		6	0	thirties	male_masculine	Paranaense, mesclado com Rondoniense|Pai e Mãe nordestinos, possuo pouquíssimo sotaque dessa região do Brasil.	Portuguese (Brasil)	pt	
0e07a6c5f94a522f5069a00c96550a1a54202ab33d978ac359b44688d71c251c369e53ebf59810e93668158cb937a6364f5d53aae4b8efc869e775cafe80a3a5	common_voice_pt_34645684.mp3	9b16cf079a3acdece9763b91a90a0a986d09d93119cfe2b6345d75491dbb3be2	Ter fé não significa possuir dogmas		6	0	thirties	male_masculine	Paranaense, mesclado com Rondoniense|Pai e Mãe nordestinos, possuo pouquíssimo sotaque dessa região do Brasil.	Portuguese (Brasil)	pt	
0e07a6c5f94a522f5069a00c96550a1a54202ab33d978ac359b44688d71c251c369e53ebf59810e93668158cb937a6364f5d53aae4b8efc869e775cafe80a3a5	common_voice_pt_34645925.mp3	9d575e8d9f85abc58b726f260ec1050d3d325dd5fa4a07ae6883686c6783b42f	Conchas		6	0	thirties	male_masculine	Paranaense, mesclado com Rondoniense|Pai e Mãe nordestinos, possuo pouquíssimo sotaque dessa região do Brasil.	Portuguese (Brasil)	pt	
0e07a6c5f94a522f5069a00c96550a1a54202ab33d978ac359b44688d71c251c369e53ebf59810e93668158cb937a6364f5d53aae4b8efc869e775cafe80a3a5	common_voice_pt_34645926.mp3	8fc2e45c806fc708588e315ff2b2cdd0e02485f986d3ad6fef773418b1d68306	Quebrangulo		6	0	thirties	male_masculine	Paranaense, mesclado com Rondoniense|Pai e Mãe nordestinos, possuo pouquíssimo sotaque dessa região do Brasil.	Portuguese (Brasil)	pt	
0e07a6c5f94a522f5069a00c96550a1a54202ab33d978ac359b44688d71c251c369e53ebf59810e93668158cb937a6364f5d53aae4b8efc869e775cafe80a3a5	common_voice_pt_34645927.mp3	9b6164d7c2c84af03705d0a00f3a1f28d71f5ac29f4d97235862df94d878df33	Nova Canaã Paulista		6	0	thirties	male_masculine	Paranaense, mesclado com Rondoniense|Pai e Mãe nordestinos, possuo pouquíssimo sotaque dessa região do Brasil.	Portuguese (Brasil)	pt	
0e07a6c5f94a522f5069a00c96550a1a54202ab33d978ac359b44688d71c251c369e53ebf59810e93668158cb937a6364f5d53aae4b8efc869e775cafe80a3a5	common_voice_pt_34645928.mp3	9ac00e2b4bedec18c965f5da43dd68b93690b45f694a1564a3d48a428e31c032	Itaqui		6	3	thirties	male_masculine	Paranaense, mesclado com Rondoniense|Pai e Mãe nordestinos, possuo pouquíssimo sotaque dessa região do Brasil.	Portuguese (Brasil)	pt	
0e07a6c5f94a522f5069a00c96550a1a54202ab33d978ac359b44688d71c251c369e53ebf59810e93668158cb937a6364f5d53aae4b8efc869e775cafe80a3a5	common_voice_pt_34645929.mp3	95347d2ca03263e260c314a999b3692105332738efb397abc42e96df618e38bd	Saiu apressado após a chamada		6	0	thirties	male_masculine	Paranaense, mesclado com Rondoniense|Pai e Mãe nordestinos, possuo pouquíssimo sotaque dessa região do Brasil.	Portuguese (Brasil)	pt	
0e07a6c5f94a522f5069a00c96550a1a54202ab33d978ac359b44688d71c251c369e53ebf59810e93668158cb937a6364f5d53aae4b8efc869e775cafe80a3a5	common_voice_pt_34645999.mp3	4930d7a68671f9c87751019799199522e0afafdd1eab700b361add33b5f1b4cd	Wallace e Gromit estão ligados.		6	0	thirties	male_masculine	Paranaense, mesclado com Rondoniense|Pai e Mãe nordestinos, possuo pouquíssimo sotaque dessa região do Brasil.	Portuguese (Brasil)	pt	
0e07a6c5f94a522f5069a00c96550a1a54202ab33d978ac359b44688d71c251c369e53ebf59810e93668158cb937a6364f5d53aae4b8efc869e775cafe80a3a5	common_voice_pt_34646001.mp3	88c867ef10a12d7afc196255c627e57e6e1ab743a9535bd7446b9cd253e49ac6	Contudo, uma promessa de tantos anos...		6	0	thirties	male_masculine	Paranaense, mesclado com Rondoniense|Pai e Mãe nordestinos, possuo pouquíssimo sotaque dessa região do Brasil.	Portuguese (Brasil)	pt	
0e07a6c5f94a522f5069a00c96550a1a54202ab33d978ac359b44688d71c251c369e53ebf59810e93668158cb937a6364f5d53aae4b8efc869e775cafe80a3a5	common_voice_pt_34646002.mp3	9ce30bade2017ae1f72e4645e7218dca90ffff2b46cb95c68f1e2a08d4781aac	Presidente Médici		6	0	thirties	male_masculine	Paranaense, mesclado com Rondoniense|Pai e Mãe nordestinos, possuo pouquíssimo sotaque dessa região do Brasil.	Portuguese (Brasil)	pt	
0e07a6c5f94a522f5069a00c96550a1a54202ab33d978ac359b44688d71c251c369e53ebf59810e93668158cb937a6364f5d53aae4b8efc869e775cafe80a3a5	common_voice_pt_34646003.mp3	9a7beae967e031bf50541d97fdeb4b99e3a4b03f3d3119330940b64e7efea330	Quem bebe muito, dorme um pouco.		6	0	thirties	male_masculine	Paranaense, mesclado com Rondoniense|Pai e Mãe nordestinos, possuo pouquíssimo sotaque dessa região do Brasil.	Portuguese (Brasil)	pt	
0e07a6c5f94a522f5069a00c96550a1a54202ab33d978ac359b44688d71c251c369e53ebf59810e93668158cb937a6364f5d53aae4b8efc869e775cafe80a3a5	common_voice_pt_34646006.mp3	a0b21908645782f909fdcb2b7dde8f0c0de26204aa72e74d0ec2935e7659c122	a soberania dos veredictos;		6	3	thirties	male_masculine	Paranaense, mesclado com Rondoniense|Pai e Mãe nordestinos, possuo pouquíssimo sotaque dessa região do Brasil.	Portuguese (Brasil)	pt	
0e07a6c5f94a522f5069a00c96550a1a54202ab33d978ac359b44688d71c251c369e53ebf59810e93668158cb937a6364f5d53aae4b8efc869e775cafe80a3a5	common_voice_pt_34646061.mp3	966d98da38572e0b2dd8c557be68ef36f0bae0f3611902ecf579ebf7e230d308	Milhã		6	3	thirties	male_masculine	Paranaense, mesclado com Rondoniense|Pai e Mãe nordestinos, possuo pouquíssimo sotaque dessa região do Brasil.	Portuguese (Brasil)	pt	
0e07a6c5f94a522f5069a00c96550a1a54202ab33d978ac359b44688d71c251c369e53ebf59810e93668158cb937a6364f5d53aae4b8efc869e775cafe80a3a5	common_voice_pt_34646062.mp3	79fc6f57f13a541e814294acdcd148608e2066adc285f15b5add7270dec7968b	Considero-me idealista, e tenho propósitos firmes que me instam a contribuir		6	0	thirties	male_masculine	Paranaense, mesclado com Rondoniense|Pai e Mãe nordestinos, possuo pouquíssimo sotaque dessa região do Brasil.	Portuguese (Brasil)	pt	
0e07a6c5f94a522f5069a00c96550a1a54202ab33d978ac359b44688d71c251c369e53ebf59810e93668158cb937a6364f5d53aae4b8efc869e775cafe80a3a5	common_voice_pt_34646063.mp3	7df0f371041fcc0c7f820a45a170ac2ca22823ab9667e50d4151ae14e981c087	Quantos pães você comprou?		6	0	thirties	male_masculine	Paranaense, mesclado com Rondoniense|Pai e Mãe nordestinos, possuo pouquíssimo sotaque dessa região do Brasil.	Portuguese (Brasil)	pt	
0e07a6c5f94a522f5069a00c96550a1a54202ab33d978ac359b44688d71c251c369e53ebf59810e93668158cb937a6364f5d53aae4b8efc869e775cafe80a3a5	common_voice_pt_34646065.mp3	a0282b47dd54f98141c546980435f2eb79a3ea93bb76bf88193e0b81514bec58	Joca Marques		6	0	thirties	male_masculine	Paranaense, mesclado com Rondoniense|Pai e Mãe nordestinos, possuo pouquíssimo sotaque dessa região do Brasil.	Portuguese (Brasil)	pt	
0e07a6c5f94a522f5069a00c96550a1a54202ab33d978ac359b44688d71c251c369e53ebf59810e93668158cb937a6364f5d53aae4b8efc869e775cafe80a3a5	common_voice_pt_34646066.mp3	97ac49d7ff82353b7214a9fe10fb92a9b8be0c4a8d99bca08e4ebcd4722d5a2c	Maiquinique		6	0	thirties	male_masculine	Paranaense, mesclado com Rondoniense|Pai e Mãe nordestinos, possuo pouquíssimo sotaque dessa região do Brasil.	Portuguese (Brasil)	pt	
0e07a6c5f94a522f5069a00c96550a1a54202ab33d978ac359b44688d71c251c369e53ebf59810e93668158cb937a6364f5d53aae4b8efc869e775cafe80a3a5	common_voice_pt_34646119.mp3	71bde3cd6fcf3c6ac40f81f8954f43da97883e7af9c81790aadb14fbd9e50c05	Eu fiquei chocado.		6	0	thirties	male_masculine	Paranaense, mesclado com Rondoniense|Pai e Mãe nordestinos, possuo pouquíssimo sotaque dessa região do Brasil.	Portuguese (Brasil)	pt	
0e07a6c5f94a522f5069a00c96550a1a54202ab33d978ac359b44688d71c251c369e53ebf59810e93668158cb937a6364f5d53aae4b8efc869e775cafe80a3a5	common_voice_pt_34646120.mp3	940c63b7732a335b543e1e7448dd2433899d1912657ad649fa3e585d96fd7e73	Se o inverno é alto, a safra é boa.		6	0	thirties	male_masculine	Paranaense, mesclado com Rondoniense|Pai e Mãe nordestinos, possuo pouquíssimo sotaque dessa região do Brasil.	Portuguese (Brasil)	pt	
0e07a6c5f94a522f5069a00c96550a1a54202ab33d978ac359b44688d71c251c369e53ebf59810e93668158cb937a6364f5d53aae4b8efc869e775cafe80a3a5	common_voice_pt_34646121.mp3	80786e24bedff8f1b0f2a919802fd3fe4fc85c1aeb499d1c2fb0e2c753446d2e	Vargem Bonita		6	0	thirties	male_masculine	Paranaense, mesclado com Rondoniense|Pai e Mãe nordestinos, possuo pouquíssimo sotaque dessa região do Brasil.	Portuguese (Brasil)	pt	
0e07a6c5f94a522f5069a00c96550a1a54202ab33d978ac359b44688d71c251c369e53ebf59810e93668158cb937a6364f5d53aae4b8efc869e775cafe80a3a5	common_voice_pt_34646122.mp3	9dac9b1d567f0b5215b2bbdcb4a56372012078f5593c48bc50d030ae5f18be73	Para o homem ocupado, não há um longo dia.		6	0	thirties	male_masculine	Paranaense, mesclado com Rondoniense|Pai e Mãe nordestinos, possuo pouquíssimo sotaque dessa região do Brasil.	Portuguese (Brasil)	pt	
0e07a6c5f94a522f5069a00c96550a1a54202ab33d978ac359b44688d71c251c369e53ebf59810e93668158cb937a6364f5d53aae4b8efc869e775cafe80a3a5	common_voice_pt_34646123.mp3	893eb868550fbd8b03e32c496ab0ba9ab5289d8b4329fa2c9921a1050535c2a7	Dia longo, peixe curto.		6	0	thirties	male_masculine	Paranaense, mesclado com Rondoniense|Pai e Mãe nordestinos, possuo pouquíssimo sotaque dessa região do Brasil.	Portuguese (Brasil)	pt	
0e07a6c5f94a522f5069a00c96550a1a54202ab33d978ac359b44688d71c251c369e53ebf59810e93668158cb937a6364f5d53aae4b8efc869e775cafe80a3a5	common_voice_pt_34646173.mp3	5637abed7acc7dec6e492df5fc469e003efeb7ebfb81677925425331f505bec0	Peabiru		6	0	thirties	male_masculine	Paranaense, mesclado com Rondoniense|Pai e Mãe nordestinos, possuo pouquíssimo sotaque dessa região do Brasil.	Portuguese (Brasil)	pt	
0e07a6c5f94a522f5069a00c96550a1a54202ab33d978ac359b44688d71c251c369e53ebf59810e93668158cb937a6364f5d53aae4b8efc869e775cafe80a3a5	common_voice_pt_34646174.mp3	8a8ad5a374fc483a6e187dc4eca3aa4ed1b511654dec89d80a2ae4fd3ae52f74	Para quem não tem sementes, agosto é março.		6	0	thirties	male_masculine	Paranaense, mesclado com Rondoniense|Pai e Mãe nordestinos, possuo pouquíssimo sotaque dessa região do Brasil.	Portuguese (Brasil)	pt	
0e07a6c5f94a522f5069a00c96550a1a54202ab33d978ac359b44688d71c251c369e53ebf59810e93668158cb937a6364f5d53aae4b8efc869e775cafe80a3a5	common_voice_pt_34646175.mp3	9f1d7bb537b11d5ca89b310c825aca58311d703e573495eb3729b82fad8c4ab5	Se o galo canta muito, a água está muito próxima.		6	0	thirties	male_masculine	Paranaense, mesclado com Rondoniense|Pai e Mãe nordestinos, possuo pouquíssimo sotaque dessa região do Brasil.	Portuguese (Brasil)	pt	
0e07a6c5f94a522f5069a00c96550a1a54202ab33d978ac359b44688d71c251c369e53ebf59810e93668158cb937a6364f5d53aae4b8efc869e775cafe80a3a5	common_voice_pt_34646176.mp3	932a6d70318c748ff352d7fe7481c78dd713a1ccc7af4414e510b9ed39d96cf3	Santa Agnés, mais uma hora.		6	0	thirties	male_masculine	Paranaense, mesclado com Rondoniense|Pai e Mãe nordestinos, possuo pouquíssimo sotaque dessa região do Brasil.	Portuguese (Brasil)	pt	
0e07a6c5f94a522f5069a00c96550a1a54202ab33d978ac359b44688d71c251c369e53ebf59810e93668158cb937a6364f5d53aae4b8efc869e775cafe80a3a5	common_voice_pt_34646177.mp3	9159b23924738af3c13ef23f7ab103d4dd00b97763369a9020c45f7e7f699517	Videira		3	0	thirties	male_masculine	Paranaense, mesclado com Rondoniense|Pai e Mãe nordestinos, possuo pouquíssimo sotaque dessa região do Brasil.	Portuguese (Brasil)	pt	
0e07a6c5f94a522f5069a00c96550a1a54202ab33d978ac359b44688d71c251c369e53ebf59810e93668158cb937a6364f5d53aae4b8efc869e775cafe80a3a5	common_voice_pt_34646223.mp3	983617bd8638398561d9b2441c1a6293ff88f6749d99c2e373d276753a0f0b95	Vai passar		6	0	thirties	male_masculine	Paranaense, mesclado com Rondoniense|Pai e Mãe nordestinos, possuo pouquíssimo sotaque dessa região do Brasil.	Portuguese (Brasil)	pt	
0e07a6c5f94a522f5069a00c96550a1a54202ab33d978ac359b44688d71c251c369e53ebf59810e93668158cb937a6364f5d53aae4b8efc869e775cafe80a3a5	common_voice_pt_34646224.mp3	9b467e7c5344b236091574005921d64b654a0bda9ee7a0d115b6dff28fb966c3	Uma mulher inteligente pode negar um beijo para que ela não fique sem ele.		6	0	thirties	male_masculine	Paranaense, mesclado com Rondoniense|Pai e Mãe nordestinos, possuo pouquíssimo sotaque dessa região do Brasil.	Portuguese (Brasil)	pt	
0e07a6c5f94a522f5069a00c96550a1a54202ab33d978ac359b44688d71c251c369e53ebf59810e93668158cb937a6364f5d53aae4b8efc869e775cafe80a3a5	common_voice_pt_34646225.mp3	9c2390e2f10464e56c32f19ba08ecbe583e581c60bd0cf4bc9242deacefae1af	De que país você é?		6	0	thirties	male_masculine	Paranaense, mesclado com Rondoniense|Pai e Mãe nordestinos, possuo pouquíssimo sotaque dessa região do Brasil.	Portuguese (Brasil)	pt	
0e07a6c5f94a522f5069a00c96550a1a54202ab33d978ac359b44688d71c251c369e53ebf59810e93668158cb937a6364f5d53aae4b8efc869e775cafe80a3a5	common_voice_pt_34646226.mp3	9f20dc09d40c586952af154a74d0386dce858881f150615127d25a0af62f3f97	Dê meus cumprimentos ao seu irmão pela formatura.		6	0	thirties	male_masculine	Paranaense, mesclado com Rondoniense|Pai e Mãe nordestinos, possuo pouquíssimo sotaque dessa região do Brasil.	Portuguese (Brasil)	pt	
0e07a6c5f94a522f5069a00c96550a1a54202ab33d978ac359b44688d71c251c369e53ebf59810e93668158cb937a6364f5d53aae4b8efc869e775cafe80a3a5	common_voice_pt_34646227.mp3	722233a61bc0c600baf79421ac2e78243bd6168aaa23057077aff0dfb4d1f08b	Para a Virgem de agosto, às sete é escuro à noite.		6	0	thirties	male_masculine	Paranaense, mesclado com Rondoniense|Pai e Mãe nordestinos, possuo pouquíssimo sotaque dessa região do Brasil.	Portuguese (Brasil)	pt	
0e07a6c5f94a522f5069a00c96550a1a54202ab33d978ac359b44688d71c251c369e53ebf59810e93668158cb937a6364f5d53aae4b8efc869e775cafe80a3a5	common_voice_pt_34646274.mp3	9431c17ae5f642304f8f96a4cb5fdc0d05fdfcf970363941eb55831a335857ad	Guaporé		9	0	thirties	male_masculine	Paranaense, mesclado com Rondoniense|Pai e Mãe nordestinos, possuo pouquíssimo sotaque dessa região do Brasil.	Portuguese (Brasil)	pt	
0e07a6c5f94a522f5069a00c96550a1a54202ab33d978ac359b44688d71c251c369e53ebf59810e93668158cb937a6364f5d53aae4b8efc869e775cafe80a3a5	common_voice_pt_34646275.mp3	99233b1009d65eaf37a55cb97547e372f61221564e4f5c7470c418ef4c4cf996	Turvânia		6	0	thirties	male_masculine	Paranaense, mesclado com Rondoniense|Pai e Mãe nordestinos, possuo pouquíssimo sotaque dessa região do Brasil.	Portuguese (Brasil)	pt	
0e07a6c5f94a522f5069a00c96550a1a54202ab33d978ac359b44688d71c251c369e53ebf59810e93668158cb937a6364f5d53aae4b8efc869e775cafe80a3a5	common_voice_pt_34646277.mp3	933e9ef23f73e6a0fa699cddbb427f19fc68e5d7f791340d39b39fb6342409e2	Oh, será uma boa jogada e vale a pena tentar.		6	0	thirties	male_masculine	Paranaense, mesclado com Rondoniense|Pai e Mãe nordestinos, possuo pouquíssimo sotaque dessa região do Brasil.	Portuguese (Brasil)	pt	
0e07a6c5f94a522f5069a00c96550a1a54202ab33d978ac359b44688d71c251c369e53ebf59810e93668158cb937a6364f5d53aae4b8efc869e775cafe80a3a5	common_voice_pt_34646278.mp3	6e2e5f803b7439958eaf9fb991b66ffbcf30dfab73b51c0b3c5809ae80d2591f	O pecado faz um buraco		6	0	thirties	male_masculine	Paranaense, mesclado com Rondoniense|Pai e Mãe nordestinos, possuo pouquíssimo sotaque dessa região do Brasil.	Portuguese (Brasil)	pt	
0e07a6c5f94a522f5069a00c96550a1a54202ab33d978ac359b44688d71c251c369e53ebf59810e93668158cb937a6364f5d53aae4b8efc869e775cafe80a3a5	common_voice_pt_34646280.mp3	a0fe539683f3a054b35139abcac44598452b54a7eaffdcc0c7e36d53149e76c8	Paraguaçu Paulista		6	0	thirties	male_masculine	Paranaense, mesclado com Rondoniense|Pai e Mãe nordestinos, possuo pouquíssimo sotaque dessa região do Brasil.	Portuguese (Brasil)	pt	
0e07a6c5f94a522f5069a00c96550a1a54202ab33d978ac359b44688d71c251c369e53ebf59810e93668158cb937a6364f5d53aae4b8efc869e775cafe80a3a5	common_voice_pt_34646347.mp3	8c4f3652e7c9370da9fb16220ea0e58bb46f0945dc54d0b345fe6bf0624b5c82	Poção de Pedras		6	3	thirties	male_masculine	Paranaense, mesclado com Rondoniense|Pai e Mãe nordestinos, possuo pouquíssimo sotaque dessa região do Brasil.	Portuguese (Brasil)	pt	
0e07a6c5f94a522f5069a00c96550a1a54202ab33d978ac359b44688d71c251c369e53ebf59810e93668158cb937a6364f5d53aae4b8efc869e775cafe80a3a5	common_voice_pt_34646349.mp3	9af36538a69e3ca274e9c0acfa877c6e14f9657aefaf6a59da25113e9808adbf	Miracema		6	0	thirties	male_masculine	Paranaense, mesclado com Rondoniense|Pai e Mãe nordestinos, possuo pouquíssimo sotaque dessa região do Brasil.	Portuguese (Brasil)	pt	
0e07a6c5f94a522f5069a00c96550a1a54202ab33d978ac359b44688d71c251c369e53ebf59810e93668158cb937a6364f5d53aae4b8efc869e775cafe80a3a5	common_voice_pt_34646350.mp3	9da233f1ad0c8a38d0e175523911dafbec1c612b5f498275b10b0bcfc901474d	Quintana		3	0	thirties	male_masculine	Paranaense, mesclado com Rondoniense|Pai e Mãe nordestinos, possuo pouquíssimo sotaque dessa região do Brasil.	Portuguese (Brasil)	pt	
0e07a6c5f94a522f5069a00c96550a1a54202ab33d978ac359b44688d71c251c369e53ebf59810e93668158cb937a6364f5d53aae4b8efc869e775cafe80a3a5	common_voice_pt_34646351.mp3	9848a8849211d93025f45aa833f14b943c92fa4f43d61a3ca35b5ea404e5b248	Virgolândia		6	0	thirties	male_masculine	Paranaense, mesclado com Rondoniense|Pai e Mãe nordestinos, possuo pouquíssimo sotaque dessa região do Brasil.	Portuguese (Brasil)	pt	
0e07a6c5f94a522f5069a00c96550a1a54202ab33d978ac359b44688d71c251c369e53ebf59810e93668158cb937a6364f5d53aae4b8efc869e775cafe80a3a5	common_voice_pt_34646352.mp3	99b0e5c8d05aa6bd8ad07788de8f183f4983ce4115ec0865eed6b2b6018e296d	As posições que não cobrem dois terços da avaliação não serão aceitas.		6	0	thirties	male_masculine	Paranaense, mesclado com Rondoniense|Pai e Mãe nordestinos, possuo pouquíssimo sotaque dessa região do Brasil.	Portuguese (Brasil)	pt	
0e07a6c5f94a522f5069a00c96550a1a54202ab33d978ac359b44688d71c251c369e53ebf59810e93668158cb937a6364f5d53aae4b8efc869e775cafe80a3a5	common_voice_pt_34646383.mp3	9faafe9250435c4446e7e9498b94657b68a452686c9d4ff903324f6c9dc3de53	Piquet Carneiro		6	0	thirties	male_masculine	Paranaense, mesclado com Rondoniense|Pai e Mãe nordestinos, possuo pouquíssimo sotaque dessa região do Brasil.	Portuguese (Brasil)	pt	
0e07a6c5f94a522f5069a00c96550a1a54202ab33d978ac359b44688d71c251c369e53ebf59810e93668158cb937a6364f5d53aae4b8efc869e775cafe80a3a5	common_voice_pt_34646384.mp3	94fc08ef28f8f6372baef990e8220cd5f8b80487c588c26d4ddf27ea14704f3c	Medianeira		6	3	thirties	male_masculine	Paranaense, mesclado com Rondoniense|Pai e Mãe nordestinos, possuo pouquíssimo sotaque dessa região do Brasil.	Portuguese (Brasil)	pt	
0e07a6c5f94a522f5069a00c96550a1a54202ab33d978ac359b44688d71c251c369e53ebf59810e93668158cb937a6364f5d53aae4b8efc869e775cafe80a3a5	common_voice_pt_34646385.mp3	7b7ffa70cf09d89aaae5cbd0ad9d5b8c9cb33e0d8d683bbac184e53c2d92b2a9	Como posso ajudar?		6	0	thirties	male_masculine	Paranaense, mesclado com Rondoniense|Pai e Mãe nordestinos, possuo pouquíssimo sotaque dessa região do Brasil.	Portuguese (Brasil)	pt	
0e07a6c5f94a522f5069a00c96550a1a54202ab33d978ac359b44688d71c251c369e53ebf59810e93668158cb937a6364f5d53aae4b8efc869e775cafe80a3a5	common_voice_pt_34646386.mp3	958eb082bcd58f09a840ce53cda598b69cabaebb9e788b577e627a81cad55f97	Tratamento para calvície		6	0	thirties	male_masculine	Paranaense, mesclado com Rondoniense|Pai e Mãe nordestinos, possuo pouquíssimo sotaque dessa região do Brasil.	Portuguese (Brasil)	pt	
0e07a6c5f94a522f5069a00c96550a1a54202ab33d978ac359b44688d71c251c369e53ebf59810e93668158cb937a6364f5d53aae4b8efc869e775cafe80a3a5	common_voice_pt_34646387.mp3	a11b6fcd67e85fdc60ea035f7c39e06e272c5d3dae1cbbb22c75fa8873b06000	Presidente Nereu		6	0	thirties	male_masculine	Paranaense, mesclado com Rondoniense|Pai e Mãe nordestinos, possuo pouquíssimo sotaque dessa região do Brasil.	Portuguese (Brasil)	pt	
0e07a6c5f94a522f5069a00c96550a1a54202ab33d978ac359b44688d71c251c369e53ebf59810e93668158cb937a6364f5d53aae4b8efc869e775cafe80a3a5	common_voice_pt_34646428.mp3	8f852b6e611fd8d75e1095942a519cc118ddda0fbe010de47cba7c29de567ac5	Aquele que avisa não é um traidor.		6	0	thirties	male_masculine	Paranaense, mesclado com Rondoniense|Pai e Mãe nordestinos, possuo pouquíssimo sotaque dessa região do Brasil.	Portuguese (Brasil)	pt	
0e07a6c5f94a522f5069a00c96550a1a54202ab33d978ac359b44688d71c251c369e53ebf59810e93668158cb937a6364f5d53aae4b8efc869e775cafe80a3a5	common_voice_pt_34646429.mp3	9b6a13e7ed305b841b9f03435b4a11d4522edb390f9f47cc29773f64b547307c	Cerro Grande		6	0	thirties	male_masculine	Paranaense, mesclado com Rondoniense|Pai e Mãe nordestinos, possuo pouquíssimo sotaque dessa região do Brasil.	Portuguese (Brasil)	pt	
0e07a6c5f94a522f5069a00c96550a1a54202ab33d978ac359b44688d71c251c369e53ebf59810e93668158cb937a6364f5d53aae4b8efc869e775cafe80a3a5	common_voice_pt_34646430.mp3	2ab77a9722787bb896e1577b40189281aa17bd66b7819e5c42a9b297b510e7b8	Recebeu um presente de grego		6	0	thirties	male_masculine	Paranaense, mesclado com Rondoniense|Pai e Mãe nordestinos, possuo pouquíssimo sotaque dessa região do Brasil.	Portuguese (Brasil)	pt	
0e07a6c5f94a522f5069a00c96550a1a54202ab33d978ac359b44688d71c251c369e53ebf59810e93668158cb937a6364f5d53aae4b8efc869e775cafe80a3a5	common_voice_pt_34646431.mp3	96f73d4885f41568cc65df98d07890912f6a6e12a6f651918ccd1c7809d5dd76	Adicione uma pitada de açúcar e outra de sal.		6	0	thirties	male_masculine	Paranaense, mesclado com Rondoniense|Pai e Mãe nordestinos, possuo pouquíssimo sotaque dessa região do Brasil.	Portuguese (Brasil)	pt	
0e07a6c5f94a522f5069a00c96550a1a54202ab33d978ac359b44688d71c251c369e53ebf59810e93668158cb937a6364f5d53aae4b8efc869e775cafe80a3a5	common_voice_pt_34646432.mp3	97980be73551a78fa685e50ac155378973a4d8bda79303ea464cdf45b4985baf	Reporte as sentenças incorretas no botão relatar"
common_voice_pt_34646480|Pode agitar para frente e para trás
common_voice_pt_34646481|Não insira todos os ovos no mesmo cesto.
common_voice_pt_34646483|Ouriçangas
common_voice_pt_34646484|Eu digo que estas nações estão prontas para a conquista.
common_voice_pt_34646485|Godoy Moreira
common_voice_pt_34646579|Cajazeiras do Piauí
common_voice_pt_34646585|Não haverá ressentimento e nem será necessário pedido de desculpas
common_voice_pt_34646588|Darcinópolis
common_voice_pt_34646589|Lagoão
common_voice_pt_34646591|Voe de pássaros, a chuva atrás deles.
common_voice_pt_34646631|Nunca ande em uma ponte, barco ou porto.
common_voice_pt_34646633|Na Catalunha e em Castela, o cavalo carrega o selo.
common_voice_pt_34646634|Porto Esperidião
common_voice_pt_34646635|Sobre abóboras
common_voice_pt_34646637|A atitude do superior e do inferior não é bem guardada.
common_voice_pt_34646722|Turilândia
common_voice_pt_34646723|Por que você acha isso?
common_voice_pt_34646724|Centralizar reflexões e avaliações
common_voice_pt_34646725|Entrevista exclusiva
common_voice_pt_34646805|Enéas Marques
common_voice_pt_34646806|O sol saiu ou você me sorriu?
common_voice_pt_34646807|Você precisa aproveitar a oportunidade.
common_voice_pt_34646809|Nós viemos da Selva de Mar.
common_voice_pt_34646811|Protestou contra a fome em frente à mansão
common_voice_pt_34646863|uma falta no silêncio do ar.
common_voice_pt_34646864|Nesta alta altitude, o ar está limpo.
common_voice_pt_34646867|Cruzeiro do Oeste
common_voice_pt_34646868|Nísia Floresta
common_voice_pt_34646870|Nós viemos de Milão.
common_voice_pt_34646913|Ipaussu
common_voice_pt_34646915|à porta de um correeiro
common_voice_pt_34646916|Em agosto, a trilha perecedora.
common_voice_pt_34646917|Alto Parnaíba
common_voice_pt_34646918|Potengi
common_voice_pt_34646965|O peixe, porque a garganta morre.
common_voice_pt_34646966|Salmourão
common_voice_pt_34646967|Tupanatinga
common_voice_pt_34646968|Candói
common_voice_pt_34646969|Ele saiu do inferno e ele não quer voltar.
common_voice_pt_34647024|minhas férias foram ótimas
common_voice_pt_34647026|Nosso carro acontece que agora existe algo em volta, se puder ajudar.
common_voice_pt_34647027|Guabiruba
common_voice_pt_34647028|Cacaulândia
common_voice_pt_34647030|O mar, quanto mais você tem, mais vibra.
common_voice_pt_34647083|deitados moles na cama onde esperam sem sono;
common_voice_pt_34647086|Quatro horas trabalhadas e nos confrontaram.
common_voice_pt_34647087|Em abril, duas horas de sono é dormir.
common_voice_pt_34647088|Plano de desburocratização
common_voice_pt_34647143|Ele fala sobre sua infância no microfone que ela tinha para o Natal.
common_voice_pt_34647144|Iepê
common_voice_pt_34647146|Pilõezinhos
common_voice_pt_34647147|Herveiras
common_voice_pt_34647148|Não encontra resistência diante dos impropérios
common_voice_pt_34647217|De acordo com janeiro, você vai comer o pão do próximo ano.
common_voice_pt_34647218|Neves Paulista
common_voice_pt_34647220|Quem foi o número um?
common_voice_pt_34647221|é assegurado a todos o acesso à informação e resguardado o sigilo da fonte
common_voice_pt_34647222|O que foi notícia ontem?
common_voice_pt_34647828|Caracol traz os chifres que o sol se põe.
common_voice_pt_34647830|Aja como deveria, com a moeda que você paga, você pagará.
common_voice_pt_34647831|Tudo me interessa e nada me prende.
common_voice_pt_34647832|Não, eu não vejo nada.
common_voice_pt_34647833|Carnaval e Quinta-feira Santa sem lua nunca serão vistos.
common_voice_pt_34648238|Descobriu falha absurda no código do site
common_voice_pt_34648239|Como último recurso, você pode contratar uma pessoa fora da escola.
common_voice_pt_34648240|Quem canta mal, gritos de chuva.
common_voice_pt_34648242|Comodoro
common_voice_pt_34648243|Você pode amaldiçoar a verdade, mas você não pode quebrá-la.
common_voice_pt_34886658|Doze netos e netas ao todo
common_voice_pt_34886659|Feliz Natal
common_voice_pt_34886660|Ipumirim
common_voice_pt_34886661|Ele tentou coletar estrume da rua e vendê-los, mas ele não saiu.
common_voice_pt_34886662|Carlópolis
common_voice_pt_34886673|Gozando de saúde, amor e alegria
common_voice_pt_34886674|A enfermaria atravessa a porta e sai do fumeiro.
common_voice_pt_34886675|Palmitinho
common_voice_pt_34886676|Um pássaro que cresce duas vezes terá descascado a carpa.
common_voice_pt_34886677|Belém do Piauí
common_voice_pt_34886693|Terra de Areia
common_voice_pt_34886694|Diário do Centro do Mundo
common_voice_pt_34886695|Esperança do Sul
common_voice_pt_34886696|Os tempos voltam, mas nunca o que eles trazem.
common_voice_pt_34886697|Poranga
common_voice_pt_34886708|Concórdia do Pará
common_voice_pt_34886709|Jari
common_voice_pt_34886710|Meu pai renunciou para obter uma posição melhor.
common_voice_pt_34886711|Isso quebrou o coração para as três mulheres.
common_voice_pt_34886712|Nós medimos a palavra com um bastão, pessoas em palavras.
common_voice_pt_34886734|Para a primeira colherada, voe.
common_voice_pt_34886735|Havia sangue por toda parte.
common_voice_pt_34886736|Na feira, quem não traz nada, nada para.
common_voice_pt_34886737|Três Barras do Paraná
common_voice_pt_34886738|Nunca foi uma desculpa para parar de praticar
common_voice_pt_34886756|Sem dúvida?
common_voice_pt_34886757|Candelária
common_voice_pt_34886758|Bela Vista do Piauí
common_voice_pt_34886759|Nazaré da Mata
common_voice_pt_34886760|Capelinha
common_voice_pt_34886778|Não havia nada a dizer.
common_voice_pt_34886779|Ibotirama
common_voice_pt_34886780|O que isso poderia significar?
common_voice_pt_34886781|Eu moro em Bangor.
common_voice_pt_34886782|O sol é velho, mas quente.
common_voice_pt_34886803|Se não nos apressarmos, seremos salgados.
common_voice_pt_34886806|Até aí as cousas.
common_voice_pt_34886808|Turiaçu
common_voice_pt_34886809|No bolo de madeira, procure a vez.
common_voice_pt_34886810|Catingueira
common_voice_pt_34886828|Bandejas muitas vezes fizeram a lei nas caixas.
common_voice_pt_34886829|Havia apenas um par de irmãos.
common_voice_pt_34886830|Chapada dos Guimarães
common_voice_pt_34886831|Ano das aves, ano dos tropos.
common_voice_pt_34886832|Riachão do Poço
common_voice_pt_34886853|Ele sai para comprar coisas
common_voice_pt_34886854|Campos do Jordão
common_voice_pt_34886855|Eu admito isso.
common_voice_pt_34886856|Estiva Gerbi
common_voice_pt_34886857|Inclui todas as taxas.
common_voice_pt_34886863|Espírito Santo do Turvo
common_voice_pt_34886864|Alpercata
common_voice_pt_34886865|Branquinha
common_voice_pt_34886866|Tecendo e filmando, a vida está acontecendo.
common_voice_pt_34886867|Meu pai ainda está descansando.
common_voice_pt_34886888|Por que você olha à distância, mas quando a sorte está ao seu lado.
common_voice_pt_34886889|Homem casado, homem doado.
common_voice_pt_34886890|Gurinhatã
common_voice_pt_34886891|Fogo é meia vida
common_voice_pt_34886892|Você esquece o poder que as mulheres têm.
common_voice_pt_34886907|A marca M é usada para homens.
common_voice_pt_34886908|Santa Tereza do Oeste
common_voice_pt_34886909|A velha vassoura conhece todos os cantos.
common_voice_pt_34886910|Medicilândia
common_voice_pt_34886912|São Valentim do Sul
common_voice_pt_34886928|Oh sim.
common_voice_pt_34886929|Theobroma
common_voice_pt_34886930|Para novembro, quem não plantou, para lembrar.
common_voice_pt_34886931|Grande seco, ótimo encharcado.
common_voice_pt_34886932|Itarantim
common_voice_pt_34886953|Cocalzinho de Goiás
common_voice_pt_34886954|A verdade não precisa de sabão porque é bonita por natureza.
common_voice_pt_34886955|Assaré
common_voice_pt_34886956|O que eles fazem
common_voice_pt_34886957|San Juan na sexta-feira, colheita de cinzas.
common_voice_pt_34963487|Não tão feliz
common_voice_pt_34963488|Às suas ordens, mestra
common_voice_pt_34963489|Lambari
common_voice_pt_34963490|Lapa
common_voice_pt_34963491|Bom vinho e uma mulher bonita - estes são os dois venenos mais bonitos.
common_voice_pt_34963502|Pimenta
common_voice_pt_34963503|Relvado
common_voice_pt_34963504|São José da Boa Vista
common_voice_pt_34963505|Encerramento de um ciclo, início de outro
common_voice_pt_34963506|Benedito Novo
common_voice_pt_34963577|Cassilândia
common_voice_pt_34963578|Atrai os pequeninos de maneira diferente.
common_voice_pt_34963579|Dracena
common_voice_pt_34963580|Eles iam lutar contra a maior enguia do ano para ajudar a festa.
common_voice_pt_34963581|Em setembro, chuvas e tempestades de manhã.
common_voice_pt_34963587|Beleza puxa mais de dez volumes.
common_voice_pt_34963588|O navio foi esmagado em uma crista afiada.
common_voice_pt_34963589|Monte Alegre do Piauí
common_voice_pt_34963590|Lembre-se, ela é duas horas agora, então é melhor encontrá-los lá.
common_voice_pt_34963591|Itamonte
common_voice_pt_34963597|E disse-lhe: vós sois deuses
common_voice_pt_34963598|Ourolândia
common_voice_pt_34963599|Estou com muita risada esta semana.
common_voice_pt_34963600|Palmital
common_voice_pt_34963601|Arealva
common_voice_pt_34963602|Tabuleiro
common_voice_pt_34963603|Bela Vista do Paraíso
common_voice_pt_34963604|Rancho Alegre
common_voice_pt_34963605|Outras funções de natureza semelhante que podem ser ordenadas pelo seu superior hierárquico.
common_voice_pt_34963606|Eles nos mantêm do lado ao qual nos inclinamos.
common_voice_pt_34963612|A casa no canto; e a vinha, no canto.
common_voice_pt_34963613|Embora nós comemos muito devagar
common_voice_pt_34963614|Campina das Missões
common_voice_pt_34963615|Jaramataia
common_voice_pt_34963616|Vila Nova do Piauí
common_voice_pt_34963617|Circundou todo o perímetro urbano
common_voice_pt_34963618|Bem eu não sei.
common_voice_pt_34963619|Aquela noite foi a última da feira.
common_voice_pt_34963620|Almino Afonso
common_voice_pt_34963621|Seritinga
common_voice_pt_34965655|Para a viúva, tudo fica ferrado.
common_voice_pt_34965656|Injetando o soro na veia
common_voice_pt_34965657|Borborema
common_voice_pt_34965658|Águia Branca
common_voice_pt_34965659|A amostra de controlo foi tratada como a amostra de teste.
common_voice_pt_34965660|Carros e ônibus pararam em focas nevadas.
common_voice_pt_34965662|Procure a fotografia premiada na competição
common_voice_pt_34965663|Boa fama, a capa do ladrão.
common_voice_pt_34965664|Aiuaba
common_voice_pt_34965665|E, por fim, tenho sono
common_voice_pt_34965666|Chuí
common_voice_pt_34965667|Chegou, entrou e mandou seguir a trote largo.
common_voice_pt_34965668|A depilação a laser visa impedir o crescimento de novos pelos
common_voice_pt_34965669|Simplício Mendes
common_voice_pt_34965670|Ela tatuou a panturrilha
common_voice_pt_34965671|Jucati
common_voice_pt_34965672|Atalanta
common_voice_pt_34965673|Ibertioga
common_voice_pt_34965674|Coronel João Pessoa
common_voice_pt_34965675|Guarantã
common_voice_pt_34965676|Umbaúba
common_voice_pt_34965677|Eu sou mãe.
common_voice_pt_34965678|Vespasiano Corrêa
common_voice_pt_34965679|O vento levantou-se...
common_voice_pt_34965680|Estrela
common_voice_pt_34965681|O pão de cor e vinho a gosto.
common_voice_pt_34965682|Ignore como eles chegaram aqui e que milagre eles fazem quando a primavera começa.
common_voice_pt_34965683|A neve em fevereiro é lançada com pernas de galgos.
common_voice_pt_34965684|Janeiro e fevereiro comem mais do que o mundo inteiro.
common_voice_pt_34965685|Perolândia
common_voice_pt_34965686|Fronteira dos Vales
common_voice_pt_34965687|Santa Cruz da Conceição
common_voice_pt_34965688|Faça grandes lucros
common_voice_pt_34965690|Macuco
common_voice_pt_34965691|Nós viemos de Monistrol de Montserrat.
common_voice_pt_34965692|Montar uma locomotiva é conveniente e barato
common_voice_pt_34965693|Calúnia e difamação serão julgadas no foro especializado
common_voice_pt_34965694|Dados são o novo petróleo
common_voice_pt_34965695|Se o Natal cair na quinta-feira, dobre o arado e venda os touros.
common_voice_pt_34965696|Cantagalo
common_voice_pt_34965697|Honrando?
common_voice_pt_34965698|Américo de Campos
common_voice_pt_34965699|Professor Jamil
common_voice_pt_34965700|Nossa Senhora dos Remédios
common_voice_pt_34965701|Nazaré
common_voice_pt_34965702|Onde é a casa?
common_voice_pt_34965703|Sebastião Laranjeiras
common_voice_pt_34965704|Iguaí
common_voice_pt_35002214|Martinópole
common_voice_pt_35002215|Regente Feijó
common_voice_pt_35002216|Convergindo para um mesmo ponto
common_voice_pt_35002217|Brejo do Piauí
common_voice_pt_35002218|Carnaúba dos Dantas
common_voice_pt_35002219|Outro cachorro gosta de comer a paz.
common_voice_pt_35002220|Ipuiuna
common_voice_pt_35002221|Não foi assim.
common_voice_pt_35002222|Iguatemi
common_voice_pt_35002223|Somente pessoas podem viver na água.
common_voice_pt_35002224|Guia Lopes da Laguna
common_voice_pt_35002225|Icapuí
common_voice_pt_35002226|Itacarambi
common_voice_pt_35002227|Diamante
common_voice_pt_35002228|Garruchos
common_voice_pt_35002229|Ainda estamos no tempo quando é livre.
common_voice_pt_35002230|Novo Cruzeiro
common_voice_pt_35002231|Inhaúma
common_voice_pt_35002232|Porto da Folha
common_voice_pt_35002233|Assu
common_voice_pt_35002234|O vinho de agosto não faz suco.
common_voice_pt_35002235|Amigos, dinheiro e collons são para as ocasiões.
common_voice_pt_35002236|Iraceminha
common_voice_pt_35002237|Buritinópolis
common_voice_pt_35002238|Nova Floresta
common_voice_pt_35002239|Davinópolis
common_voice_pt_35002240|Isso é medalha?
common_voice_pt_35002241|Tunas
common_voice_pt_35002242|União de Minas
common_voice_pt_35002243|Eu sou Sion
common_voice_pt_35002244|Irapuã
common_voice_pt_35002245|Constantina
common_voice_pt_35002246|São José de Piranhas
common_voice_pt_35002247|Aparecida do Taboado
common_voice_pt_35002248|Mandado de injunção, habeas corpus e habeas data
common_voice_pt_35002250|Resende Costa
common_voice_pt_35002251|O peixinho, depois de uma hora.
common_voice_pt_35002252|Santa Cruz do Xingu
common_voice_pt_35002253|Ele criou filhos, ele cresceu corvos.
common_voice_pt_35002254|São Miguel das Matas
common_voice_pt_35002255|O que eles são
common_voice_pt_35002256|Terezópolis de Goiás
common_voice_pt_35002257|O que está acontecendo na história com suas próprias palavras?
common_voice_pt_35002258|Salvador do Sul
common_voice_pt_35002259|Itapajé
common_voice_pt_35002260|Érico Cardoso
common_voice_pt_35002261|Quem paga um pouco, paga caro.
common_voice_pt_35002262|que é possível crer
common_voice_pt_35002263|Maravilhas
common_voice_pt_35002264|Serra Redonda
common_voice_pt_35002265|Dona Inês
common_voice_pt_35002266|Marilândia
common_voice_pt_35002267|O amor dá nascimento ao amor.
common_voice_pt_35002268|Paineiras
common_voice_pt_35002269|Santa Maria do Salto
common_voice_pt_35002270|Começamos com alegria e tivemos boas intuições
common_voice_pt_35002271|Ribeiro Gonçalves
common_voice_pt_35002272|Ele errou
common_voice_pt_35002273|O pequeno peixe da lua morta carrega.
common_voice_pt_35002274|Nova Módica
common_voice_pt_35002275|Oliveira
common_voice_pt_35002276|Palotina
common_voice_pt_35002277|A água do mar é remédio.
common_voice_pt_35002278|Santa Bárbara do Monte Verde
common_voice_pt_35002279|Ribeira do Amparo
common_voice_pt_35002280|Verão seco, primavera outono.
common_voice_pt_35002281|Aqueles de nós que estão acima têm que olhar muito bem todas essas coisas.
common_voice_pt_35002282|Quem não tem dente já é um canto.
common_voice_pt_35002284|Santa Quitéria
common_voice_pt_35002285|Estiva
common_voice_pt_35002286|Mato Queimado
common_voice_pt_35002287|Passagem Franca
common_voice_pt_35002288|Morro do Chapéu do Piauí
common_voice_pt_35002289|Ariranha
common_voice_pt_35002290|A partir deste momento, eles datam a Canção do Sol e o irmão Testamento.
common_voice_pt_35002291|Não havia nada.
common_voice_pt_35002292|Felicidade é uma coragem.
common_voice_pt_35002293|Parapuã
common_voice_pt_35002294|Fagundes Varela
common_voice_pt_35002295|Se em janeiro o mérito passa pelo jardim, atire e feche a porta.
common_voice_pt_35002296|Dores do Turvo
common_voice_pt_35002298|O carrinho é feito de plástico
common_voice_pt_35002299|Olhou pelo retrovisor
common_voice_pt_35002300|Tonantins
common_voice_pt_35002301|As crianças custam nove meses de doença e uma vida inteira de convalescença.
common_voice_pt_35002302|Meninos e piolhos, eles fecham a casa.
common_voice_pt_35002303|Fronteiras
common_voice_pt_35002304|Nioaque
common_voice_pt_35002305|Não há carga mais pesada que uma mulher leve.
common_voice_pt_35002306|De tarde ou primeiro, Carnaval em fevereiro.
common_voice_pt_35002308|Dores de Guanhães
common_voice_pt_35002309|Catunda
common_voice_pt_35002310|Segunda-feira é o domingo da preguiça.
common_voice_pt_35002311|Pacujá
common_voice_pt_35002312|Carrapateira
common_voice_pt_35002313|Tapera
common_voice_pt_35002314|Boninal
common_voice_pt_35002315|São Pedro das Missões
common_voice_pt_35002316|Mas é um bom dia?
common_voice_pt_35002317|Vale do Paraíso
common_voice_pt_35002318|Vila Valério
common_voice_pt_35002319|Tamandaré
common_voice_pt_35002320|Cristal do Sul
common_voice_pt_35002321|Pariquera-Açu
common_voice_pt_35002322|Meu irmão é um bom jogador de futebol, então ele me ensinou.
common_voice_pt_35132940|Conferência de Genebra
common_voice_pt_35132941|A Burguesia e a Contra-Revolução
common_voice_pt_35132943|Da Carta Rogatória
common_voice_pt_35132944|um erro gravíssimo ao desviar os operários de sua tarefa direta:
common_voice_pt_35132970|Libertação de Prisioneiros
common_voice_pt_35132971|a mercadoria surgiu-nos como algo biface: valor de uso e valor de troca
common_voice_pt_35132972|método subjetivo em sociologia
common_voice_pt_35132973|Sobre o Papel do Trabalho na Transformação do Macaco em Homem
common_voice_pt_35132974|Assaltos
common_voice_pt_35132996|Contribuição Para a História do Cristianismo Primitivo
common_voice_pt_35132998|a viúva da figura da revolução argelina
common_voice_pt_35133000|O Tratado Persa
common_voice_pt_35133002|o caráter de classe de nossa intelectualidade
common_voice_pt_35133004|submeter por completo nossa Pátria aos banqueiros de Wall Street
common_voice_pt_35133040|o julgamento de processos em bloco para aplicação
common_voice_pt_35133041|Como é que tem um iluminação tão boa só com velas e um candelabro?
common_voice_pt_35133043|Nova Gazeta Renana
common_voice_pt_35133045|o estudo concreto de todas as formas do antagonismo econômico existentes
common_voice_pt_35133055|de grupos determinados com programas concretos que coincidem em certos pontos
common_voice_pt_35133056|a desunião favorece os Estados Unidos
common_voice_pt_35133057|Eu não tô com muita fome.
common_voice_pt_35133058|negocistas
common_voice_pt_35133059|A forma de equivalente particular
common_voice_pt_35133085|as próprias instituições constitucionais
common_voice_pt_35133086|com cisões e traições que se repetem, com divisões e subdivisões
common_voice_pt_35133087|acordos bilaterais
common_voice_pt_35133088|o tom é dado por uma caterva de arrivistas e mercenários da burguesia
common_voice_pt_35133089|Princípios Básicos do Comunismo
common_voice_pt_35133105|do julgamento em diligência
common_voice_pt_35133106|imediatamente aos processos em curso, respeitados os atos processuais
common_voice_pt_35133108|o pedido de auxílio direto passivo
common_voice_pt_35133110|vacilam
common_voice_pt_35133135|Guerra de Nervos
common_voice_pt_35133136|interesses pátrios
common_voice_pt_35133137|É admissível a ação meramente declaratória
common_voice_pt_35133138|um papel como vanguarda da classe verdadeiramente vital
common_voice_pt_35133139|Essa lutinha foi meio mais ou menos.
common_voice_pt_35133173|os países de moeda não arbitrável da área da libra esterlina e batem-se
common_voice_pt_35133174|Seqüestros
common_voice_pt_35133175|sobre processos administrativos ou jurisdicionais findos ou em curso;
common_voice_pt_35133177|o papel histórico do operário russo como combatente
common_voice_pt_35133198|a força dos latifundiários feudais se debilitara
common_voice_pt_35133199|perigos reais
common_voice_pt_35133202|às hipóteses de tutela da evidência previstas no
common_voice_pt_35133204|Tá, agora preciso dormir. Tá ficando tarde.
common_voice_pt_35133206|Todos se uniam apenas na hostilidade ao regime da servidão
common_voice_pt_35133209|países Não-Alinhados
common_voice_pt_35133210|Tudo isso para um grandiosíssimo nada.
common_voice_pt_35133212|um governo hostil
common_voice_pt_35133214|acumulação original
common_voice_pt_35133216|A pendência de causa perante a jurisdição
common_voice_pt_35133228|Contra os Impostos
common_voice_pt_35133230|ressalvado às partes o direito de instituir juízo arbitral, na forma da lei.
common_voice_pt_35133231|Batidas
common_voice_pt_35133232|oriundo
common_voice_pt_35133238|Bruno Bauer e o Início do Cristianismo
common_voice_pt_35133239|A degeneração do populismo na teoria mais vulgar do radicalismo pequeno-burguês
common_voice_pt_35133240|O Ministério de Ação
common_voice_pt_35133241|se coloque ao lado do proletariado
common_voice_pt_35133242|Carta ao Parlamento do Trabalho
common_voice_pt_35133268|Sobre a Questão do Livre-Câmbio
common_voice_pt_35133269|persuadidos empiricamente de que apenas neles é possível encontrar elementos revolucionários
common_voice_pt_35133270|econômica e financeira antinacional do governo Dutra
common_voice_pt_35133271|juízes, advogados, defensores públicos e membros do Ministério Público
common_voice_pt_35133272|Manifesto do Partido Comunista
common_voice_pt_35133273|A dialética permite resgatar o que é bom e desprezar aquilo que é ruim
common_voice_pt_35133274|Washington tem dito
common_voice_pt_35133275|da Lei de Segurança do Estado Novo
common_voice_pt_35133276|que um imbecil conduza um homem sábio
common_voice_pt_35133277|Uruguai
common_voice_pt_35133289|o mais importante expoente da guerra de guerrilha no hemisfério ocidental
common_voice_pt_35133290|a juízo de delibação no Brasil.
common_voice_pt_35133291|epub
common_voice_pt_35133292|Reprodução simples
common_voice_pt_35133298|Última atualização
common_voice_pt_35133299|relações de produção
common_voice_pt_35133300|propaganda
common_voice_pt_35133301|estradas de ferro
common_voice_pt_35133302|e tratais de penetrar mais fundo
common_voice_pt_35133303|a cassação dos mandatos dos representantes comunistas
common_voice_pt_35133304|o dogmatismo e o sectarismo
common_voice_pt_35133305|Seus agentes e propagandistas
common_voice_pt_35133306|ameaça estratégica
common_voice_pt_35133307|Agitação Cartista
common_voice_pt_35133328|Surpresa
common_voice_pt_35133329|O Recente Julgamento em Colónia
common_voice_pt_35133330|é extremamente difícil de liquidar se não for liquidada
common_voice_pt_35133331|Kruschov
common_voice_pt_35133332|conheça da mesma causa e das que lhe são conexas
common_voice_pt_35133340|cláusula de eleição de foro exclusivo
common_voice_pt_35133341|no triunfo isolado da revolução em um país
common_voice_pt_35133342|os métodos de sua atividade política
common_voice_pt_35133343|Será que ela lembra de você?
common_voice_pt_35133344|punhado de pessoas nade no supérfluo
common_voice_pt_35133356|lhe servem de advogados ou testa de ferro
common_voice_pt_35133357|leninismo
common_voice_pt_35133358|é contra a classe burguesa que ele deve lutar
common_voice_pt_35133359|no sistema geral de relações capitalistas
common_voice_pt_35133365|encoberto pela história política, pelas particularidades do regime jurídico
common_voice_pt_35133366|hemisfério
common_voice_pt_35133367|Manufaturas e Comércio
common_voice_pt_35133368|lacaios diplomados do clericalismo
common_voice_pt_35133369|livre concorrência
common_voice_pt_35133381|qualquer funcionário ignorante e despótico pode dispor
common_voice_pt_35133382|cenário geográfico
common_voice_pt_35133383|Estas ingênuas pretensões de envergonhar a intelectualidade burguesa por seu caráter burguês
common_voice_pt_35133384|às formas industriais da exploração do trabalho
common_voice_pt_35133390|interpartidário
common_voice_pt_35133391|à mesma posição em que anteriormente se encontrava na lista
common_voice_pt_35133392|cujo abastecimento exige a compra de trigo no estrangeiro
common_voice_pt_35133393|Produtividade do Capital, Trabalho Produtivo e Improdutivo
common_voice_pt_35133394|estão sendo realizadas manobras militares
common_voice_pt_35133395|com indústria secundária sem a correspondente indústria pesada
common_voice_pt_35133396|os grandes países industrializados
common_voice_pt_35133397|quem devia ser notificado em caso de morte
common_voice_pt_35133398|A teoria da compensação no que respeita aos operários desalojados por maquinaria
common_voice_pt_35133399|Coletânea Textos Sobre Educação e Ensino
common_voice_pt_35133400|degenerando num ecletismo lamentável
common_voice_pt_35133401|pela execução de pedidos de cooperação enviados
common_voice_pt_35133402|é absolutamente incapaz de compreender que
common_voice_pt_35133403|defesa nacional
common_voice_pt_35133410|este juízo contra a burguesia e seus ideólogos recorda o caso
common_voice_pt_35133411|o papel revolucionário do proletariado
common_voice_pt_35133412|o forçado congelamento de salários
common_voice_pt_35133413|As guerras camponesas na Alemanha
common_voice_pt_35133414|ou de improcedência liminar do pedido
common_voice_pt_35133423|particularmente o monopólio da terra
common_voice_pt_35133424|espoliado
common_voice_pt_35133425|apreciados pelos nossos chefes militares com honrosas excepções
common_voice_pt_35133426|Os trabalhadores rurais, desde o médio e pequeno sitiante até o arrendatário
common_voice_pt_35133427|pronunciamento judicial
common_voice_pt_35133428|Agrupações heterogêneas sem programa, sem estrutura orgânica definida
common_voice_pt_35133429|A Imprensa e os Déspotas Alemães
common_voice_pt_35133430|a prática de atos que contrariem ou que produzam resultados incompatíveis
common_voice_pt_35133431|A moderna teoria da colonização
common_voice_pt_35133432|não vê de forma aguda as contradições existentes na sociedade americana
common_voice_pt_35133437|com uma mescla de alegria e pena
common_voice_pt_35133439|hipóteses de sigilo previstas na legislação brasileira ou na do Estado requerente;
common_voice_pt_35133440|O todo da forma-valor simples
common_voice_pt_35133441|explicar aos operários a teoria da luta de classes
common_voice_pt_35133442|da socialização do trabalho pelo capitalismo
common_voice_pt_35133443|do alto clero
common_voice_pt_35133444|devem ser abolidos imediata e incondicionalmente
common_voice_pt_35133445|de importação e exportação, concessão de serviços públicos
common_voice_pt_35133446|o réu mantiver vínculos no Brasil, tais como posse
common_voice_pt_35133447|se deixaram tranquilamente levar pelas ilusões reformistas
common_voice_pt_35133448|a composição da sociedade dedicada à produção de valores materiais
common_voice_pt_35133449|relação jurídica;
common_voice_pt_35133450|demagogia
common_voice_pt_35133451|Ministério Público
common_voice_pt_35133452|e de conceder-lhes a autonomia na administração de seus negócios locais
common_voice_pt_35133457|as ingênuas ilusões de um socialismo pequeno-burguês
common_voice_pt_35133458|devolução aos camponeses da terra que lhes havia sido arrebatada
common_voice_pt_35133459|juntem-se a luta agora
common_voice_pt_35133460|sem mercado interno capaz de absorver uma produção industrial em crescimento
common_voice_pt_35133461|Ordem do Gabinete sobre a Imprensa Diária
common_voice_pt_35133468|o trabalho dos social-democratas, orientado contra o populismo
common_voice_pt_35133469|Divisão do trabalho
common_voice_pt_35133470|literalmente esfomeadas nas fazendas, nas usinas, nas minas de ouro
common_voice_pt_35133471|Prestes
common_voice_pt_35133472|pela intervenção deste em seus assuntos e pela corveia
common_voice_pt_35133473|não se podem quebrar com nomeações
common_voice_pt_35133474|bases revolucionárias
common_voice_pt_35133475|Greves e Interrupções de Trabalho
common_voice_pt_35133476|reunião preparatória de Partidos Comunistas, em Moscou
common_voice_pt_35133477|latino-americanos
common_voice_pt_35133478|órgão estrangeiro interessado
common_voice_pt_35133479|Miséria da Filosofia
common_voice_pt_35133480|A forma-valor relativa desdobrada
common_voice_pt_35133482|Divisão do texto nas edições francesa e inglesa
common_voice_pt_35133483|rever desde o início estas teorias, ou rechaçá-las completamente
common_voice_pt_35133484|Por que ela tá descalça?
common_voice_pt_35133485|que afastou das câmaras municipais
common_voice_pt_35133486|os restos da independência nacional
common_voice_pt_35133487|casas de comércio, fazendas de criação e frigoríficos
common_voice_pt_35133503|as matérias-primas e as reposições que temos que fazer
common_voice_pt_35133504|Forma-valor simples, singular ou acidental
common_voice_pt_35133505|como Ministro da Indústria cubano
common_voice_pt_35133507|posfácios
common_voice_pt_35133508|Destino de um Traidor
common_voice_pt_35133509|O Inquérito Operário
common_voice_pt_35133510|a imprensa norte-americana
common_voice_pt_35133511|partidários do materialismo consequente e militante
common_voice_pt_35133512|Revolta da Cerveja na Bavária
common_voice_pt_35133518|Manuscritos Econômico-Filosóficos
common_voice_pt_35133519|comunicar-se-á diretamente com suas congêneres
common_voice_pt_35133520|ao juiz zelar pelo efetivo contraditório
common_voice_pt_35133521|Estes progressos devem acelerar inevitavelmente a extinção das velhas
common_voice_pt_35133522|A Abraham Lincoln, Presidente dos Estados Unidos da América
common_voice_pt_35133529|Sobre a Autoridade
common_voice_pt_35133530|Renuncio formalmente a meus cargos no Partido
common_voice_pt_35133531|As camadas mal pagas da classe operária industrial britânica
common_voice_pt_35133532|atrevimento e a audácia da intervenção imperialista em nossa terra.
common_voice_pt_35133534|a diminuição de tarifas em proveito da indústria norte-americana
common_voice_pt_35133537|Luiz Carlos Prestes
common_voice_pt_35133538|União Soviética e a China
common_voice_pt_35133539|países comunistas
common_voice_pt_35133540|Esse peixe é muito engraçado.
common_voice_pt_35133541|Abraço-te com todo o meu fervor revolucionário.
common_voice_pt_35133542|ao atual governo da Venezuela
common_voice_pt_35133543|a favor das massas trabalhadoras e das forças democráticas
common_voice_pt_35133544|Recensão do Primeiro Volume de
common_voice_pt_35133545|Sobre a solução da abolição do Estado e os “amigos da anarquia” alemães
common_voice_pt_35133546|particularmente no terreno do comércio e do intercâmbio
common_voice_pt_35133551|Deslocamentos do Centro de Gravidade Mundial
common_voice_pt_35133553|contra o absolutismo, o regime de castas e a burocracia
common_voice_pt_35133554|A Origem da Família, da Propriedade Privada e do Estado
common_voice_pt_35133555|Glosas Marginais ao Manual de Economia Política
common_voice_pt_35133556|quando não havia discordâncias, decadências, depressão e apatia
common_voice_pt_35133561|com a disparidade crescente entre os preços em continuado aumento
common_voice_pt_35133562|qualquer outra medida judicial ou extrajudicial não proibida pela lei brasileira.
common_voice_pt_35133563|subversão
common_voice_pt_35133564|houver necessidade de realização de diligência ou de complementação da instrução
common_voice_pt_35133565|pesam de maneira tão opressora sobre o proletariado e sobre o povo em geral
common_voice_pt_35133567|Em geral, os comunistas russos, adeptos do marxismo
common_voice_pt_35133568|doutrina
common_voice_pt_35133569|os partidários do socialismo utópico
common_voice_pt_35133570|o abandono da política de exportar a revolução para a América Latina
common_voice_pt_35133571|dirigência máxima
common_voice_pt_35133993|O processo começa por iniciativa da parte e se desenvolve por impulso oficial
common_voice_pt_35133994|todas as frações dos revolucionários para a conquista da liberdade política
common_voice_pt_35133995|Notícias de São Petersburgo
common_voice_pt_35133996|China
common_voice_pt_35133997|mostrar minuciosamente aos operários que terrível força reacionária representam estas instituições
common_voice_pt_35133998|jurisdição contenciosa
common_voice_pt_35133999|Largo da Carioca
common_voice_pt_35134000|tanto os governantes pessedistas como os udenistas
common_voice_pt_35134001|da guerra de guerrilha
common_voice_pt_35134002|na ausência de designação específica.
common_voice_pt_35134003|concessão de bases militares e à ocupação de nosso solo
common_voice_pt_35134004|respeitadas disposições específicas constantes de tratado.
common_voice_pt_35134005|O dinheiro ou a circulação de mercadorias
common_voice_pt_35134006|com grande desigualdade de desenvolvimento econômico
common_voice_pt_35134008|sucção
common_voice_pt_35134009|liquida a indústria nacional, impede o progresso do país
common_voice_pt_35134010|o direito de propriedade e a inviolabilidade do domicílio
common_voice_pt_35134011|ampla injeção de capital estrangeiro
common_voice_pt_35134012|degeneração das velhas teorias
common_voice_pt_35134013|terreno propício para o capitalismo na Rússia
common_voice_pt_35134014|produção agrária nacional, particularmente daqueles artigos de consumo interno
common_voice_pt_35134015|a atual guerra econômica dispersa dos operários
common_voice_pt_35134016|a reestruturação está consolidada internamente?
common_voice_pt_35134017|Conversão das leis de propriedade da produção de mercadorias em leis da apropriação capitalista
common_voice_pt_35134018|ideólogo
common_voice_pt_35134019|vêm desorientando os socialistas russos
common_voice_pt_35134020|O novo decreto do banco francês
common_voice_pt_35134021|deve dar resposta às exigências do proletariado
common_voice_pt_35134022|beneplácito
common_voice_pt_35134023|Declaração Pública aos Editores da Imprensa Inglesa
common_voice_pt_35134024|anti-ianques
common_voice_pt_35134025|a serviço do imperialismo norte-americano, esfomeia nosso povo
common_voice_pt_35134026|postular em juízo é necessário ter interesse e legitimidade.
common_voice_pt_35134027|o Plano Truman de uniformização de armamento e de sujeição de nossas
common_voice_pt_35134028|planos de expansão
common_voice_pt_35134029|açúcar
common_voice_pt_35134030|vultosos
common_voice_pt_35134031|o agrupamento dos socialistas sob a bandeira do marxismo
common_voice_pt_35134032|expropriação crescente dos produtores
common_voice_pt_35134033|Trabalho Assalariado e Capital
common_voice_pt_35134034|O interesse do autor pode limitar-se à declaração:
common_voice_pt_35134035|Vitória da Contra-Revolução em Viena
common_voice_pt_35134036|de nossos pequenos produtores
common_voice_pt_35134037|reservados
common_voice_pt_35134038|Sobre o Direito de Herança, em Face dos Contratos e da Propriedade Privada
common_voice_pt_35134040|após elaboração de lista própria, respeitar-se-á a ordem
common_voice_pt_35134042|pesos, medidas e moedas
common_voice_pt_35134043|juízes
common_voice_pt_35134044|um novo Congresso do Partido
common_voice_pt_35134045|orientam entretanto sua agitação para os meios operários
common_voice_pt_35134046|Compra e venda da força de trabalho
common_voice_pt_35134048|além dos limites desta solidariedade começava o mais agudo antagonismo
common_voice_pt_35134049|Parece que a Fabi tá se esforçando pra não entender.
common_voice_pt_35134050|Você pode se reconciliar com a galera.
common_voice_pt_35134051|a decisão do Tribunal de Recursos dando novo alento aos dispositivos
common_voice_pt_35134052|como observou um marxista, deixaram de ser enfadonhas.
common_voice_pt_35134053|Objetivos das Ações de Guerrilha Urbana
common_voice_pt_35134054|Valor-de-Uso e Valor-de-Troca ou Valor Propriamente Dito
common_voice_pt_35134055|Prefácio à Primeira Edição do Livro
common_voice_pt_35134056|o jugo do capital sobre o trabalho
common_voice_pt_35134057|Nossos radicais e liberais não só negam este fato
common_voice_pt_35134058|serão aplicadas supletiva e subsidiariamente.
common_voice_pt_35134059|de luta dos proletários e camponeses contra o inimigo comum
common_voice_pt_35134060|incidente de resolução de demandas repetitivas
common_voice_pt_35134061|marxismo
common_voice_pt_35134062|a luta ao lado da democracia radical contra o absolutismo
common_voice_pt_35134063|Do Socialismo Utópico ao Socialismo Cientifico
common_voice_pt_35134064|Ação Política e a Classe Trabalhadora
common_voice_pt_35134065|que força deprimente pesam sobre os trabalhadores
common_voice_pt_35134066|A Nacionalização da Terra
common_voice_pt_35134067|rotação do dinheiro
common_voice_pt_35134068|escravos ideológicos da burguesia
common_voice_pt_35134069|dependentes do capital financeiro e bancário
common_voice_pt_35134070|e isto a par do aumento da riqueza social
common_voice_pt_35134071|Mao Tse-tung
common_voice_pt_35134072|deve estar atento, sobretudo, às realidades particulares
common_voice_pt_35134073|Quando os representantes avançados desta classe assimilarem as ideias do socialismo científico
common_voice_pt_35134075|Ela é progressista, porquanto apresenta reivindicações democráticas
common_voice_pt_35134076|que adianta explicar aos operários a forma do valor, a essência do regime burguês
common_voice_pt_35134077|a política econômico-financeira
common_voice_pt_35134078|aos bravos camaradas
common_voice_pt_35134079|Primeira Seção
common_voice_pt_35134080|Variações de magnitude no preço da força de trabalho e na mais-valia
common_voice_pt_35134081|da autenticidade ou da falsidade de documento.
common_voice_pt_35134082|Capítulo
common_voice_pt_35134083|será um duro golpe contra o imperialismo
common_voice_pt_35134084|entre todos os povos policiados
common_voice_pt_35134085|Se não dais crédito a essas frases ribombantes
common_voice_pt_35134086|homologação e cumprimento de decisão;
common_voice_pt_35134087|união estável, proceder à partilha de bens
common_voice_pt_35134088|confirmação de testamento particular e ao inventário
common_voice_pt_35134089|trabalho fecundo quando acabar com as ilusões
common_voice_pt_35134090|preconceitos teóricos estabelecidos
common_voice_pt_35134091|a vontade de tomar em usufruto exclusivo a teoria de Marx
common_voice_pt_35134092|a teoria dos marxistas sobre a natureza pequeno-burguesa
common_voice_pt_35134093|Diversas formas de existência da sobrepopulação relativa. A lei geral da acumulação capitalista
common_voice_pt_35134094|carregada de diferentes apêndices, artifícios e subterfúgios políticos, jurídicos e consuetudinários
common_voice_pt_35134095|e fundamentadas todas as decisões, sob pena de nulidade
common_voice_pt_35134096|junho
common_voice_pt_35134097|Efetivamente, há ainda muito oportunismo
common_voice_pt_35160489|não induz litispendência e não obsta a que a autoridade judiciária brasileira
common_voice_pt_35160491|Inspecionemos todas as bases, as bases atômicas dos Estados Unidos
common_voice_pt_35160492|devido processo legal
common_voice_pt_35160493|Os operários devem saber que sem derrubar estes pilares da reação
common_voice_pt_35160494|inalienabilidade dos lotes comunais
common_voice_pt_35160495|política externa expansionista, inspirada e guiada pela reação americana
common_voice_pt_35160496|ao Estado requerido para lhe dar andamento.
common_voice_pt_35160497|da inexistência de uma profunda dissenção entre as ideias
common_voice_pt_35160498|Génese do rendeiro capitalista
common_voice_pt_35160499|será recusado se configurar manifesta ofensa à ordem pública.
common_voice_pt_35160500|em divórcio, separação judicial ou dissolução
common_voice_pt_35160501|sem melhorar a situação dos operários e facilitando unicamente as condições de sua luta
common_voice_pt_35160502|Mobilidade e Velocidade
common_voice_pt_35160503|tramitação dos processos, assegurando-se assistência judiciária aos necessitados;
common_voice_pt_35160504|destruindo por sua vez as condições de solidariedade e de organização necessárias
common_voice_pt_35160505|a sentença que cassou o registro eleitoral do
common_voice_pt_35160506|entram em um impasse
common_voice_pt_35160507|A produção da mais-valia relativa
common_voice_pt_35160508|Maquinaria e Trabalho Vivo
common_voice_pt_35160509|que não pertence à classe já formada dos operários fabris
common_voice_pt_35160510|esclarecer a necessidade e a inevitabilidade do antagonismo de classe sob esse sistema
common_voice_pt_35160511|Cara, ela não tem nada a ver com essa história.
common_voice_pt_35160512|aos meios de defesa, aos ônus, aos deveres e à aplicação de sanções processuais
common_voice_pt_35160513|a escassez de terras, os tributos exorbitantes e o jugo da administração
common_voice_pt_35160514|Táticas de Rua
common_voice_pt_35160515|Partido Socialista cubano
common_voice_pt_35160516|com espírito de lucro mútuo
common_voice_pt_35160517|O Papel da Violência na História
common_voice_pt_35160518|numa revolução se vence ou se morre
common_voice_pt_35160524|buscar caminhos que conduzam ao comunismo à margem do capitalismo e do proletariado
common_voice_pt_35160525|Deserções, Desvios, Confiscos, Expropriações de Armas, Munições e Explosivos
common_voice_pt_35160526|nobres latifundiários
common_voice_pt_35160527|compromissos militares
common_voice_pt_35160528|dirigentes ideológicos do proletariado em sua luta efetiva
common_voice_pt_35160540|A Questão Judaica
common_voice_pt_35160542|a burguesia nacional
common_voice_pt_35160544|apontar a saída desta ordem de coisas
common_voice_pt_35160546|assistente litisconsorcial.
common_voice_pt_35160548|da crise caribenha
common_voice_pt_35160550|poderá realizar-se com base em reciprocidade, manifestada por via diplomática.
common_voice_pt_35160551|venal
common_voice_pt_35160552|União Soviética
common_voice_pt_35160553|Plano de reconstrução econômica
common_voice_pt_35160554|Ela mandou a real, agora.
common_voice_pt_35160555|direitos civis gerais
common_voice_pt_35160556|exportar sua Revolução
common_voice_pt_35160557|O juiz não pode decidir, em grau algum de jurisdição, com base em fundamento
common_voice_pt_35160558|colheita de provas e obtenção de informações;
common_voice_pt_35160559|homologação de sentença judicial estrangeira
common_voice_pt_35160560|sendo irrelevantes as modificações do estado de fato ou de direito ocorridas posteriormente
common_voice_pt_35160561|prenúncios claros de um embate de titãs
common_voice_pt_35160562|Camarada Prestes
common_voice_pt_35160563|tendências filosóficas dominantes nos países burgueses
common_voice_pt_35160564|Símon Bolívar
common_voice_pt_35160565|materialismo, único método científico que exige que todo programa seja uma formulação exata
common_voice_pt_35160566|a grandiosidade do trabalho teórico
common_voice_pt_35160567|A lista de processos aptos a julgamento deverá estar permanentemente
common_voice_pt_35160568|expressa ou tacitamente, se submeterem à
common_voice_pt_35160569|imensa acumulação de mercadorias
common_voice_pt_35160570|na fase dos monopólios, do capital financeiro e do imperialismo
common_voice_pt_35160571|escassez de terras
common_voice_pt_35160572|A fórmula universal do capital
common_voice_pt_35160574|substituição processual, o substituído poderá intervir
common_voice_pt_35160575|Moscovo
common_voice_pt_35160576|Eu nem sei o que eles tão fazendo.
common_voice_pt_35160577|e de sócios nas suas empresas mistas ou de investimento conjunto
common_voice_pt_35160578|e estabelecer relações de confiança
common_voice_pt_35160579|A Situação Política na Europa
common_voice_pt_35160580|dirigentes intelectuais
common_voice_pt_35160581|Sei que não é certo pensar isso, mas tudo seria tão mais facil assim.
common_voice_pt_35160582|monopólios norte-americanos
common_voice_pt_35160583|Considera-se autêntico o documento que instruir
common_voice_pt_35160584|interesses da Pátria
common_voice_pt_35160585|o tratado que proíbe os testes nucleares no espaço ultraterrestre
common_voice_pt_35160586|ainda que tenha ocorrido a violação do direito.
common_voice_pt_35160587|os processos criminais, nos órgãos jurisdicionais
common_voice_pt_35160588|A conciliação, a mediação e outros métodos de solução consensual de conflitos
common_voice_pt_35160589|elucidativo
common_voice_pt_35160590|Resolução da Conferência de Varsóvia
common_voice_pt_35160591|Pravda
common_voice_pt_35160592|envio de lucros para fora do país
common_voice_pt_35160593|deve comportar-se de acordo com a boa-fé
common_voice_pt_35160594|Para a Questão da Habitação
common_voice_pt_35160595|obscurantismo
common_voice_pt_35160596|Eu sou o lugar certo.
common_voice_pt_35160597|Índice de Cartas escritas
common_voice_pt_35160598|a reforma agrária
common_voice_pt_35160600|stalinismo
common_voice_pt_35160601|A Guerra Contra a Pérsia
common_voice_pt_35160602|Entesouramento
common_voice_pt_35160603|as formas mais igualitárias da posse comunal da terra
common_voice_pt_35160604|Introdução à "Dialéctica da Natureza"
common_voice_pt_35160605|politiqueiros
common_voice_pt_35160606|Morro da Fumaça
common_voice_pt_35160607|Fabricante e boiardo
common_voice_pt_35160608|procuradores
common_voice_pt_35160609|tratados, convenções ou acordos internacionais
common_voice_pt_35160610|Notícias da Prússia
common_voice_pt_35160611|março
common_voice_pt_35160612|insidiosa
common_voice_pt_35160613|As Táticas de Infantaria Derivadas a Partir de Suas Causas Materiais
common_voice_pt_35160614|acompanhados de tradução para a língua oficial do Estado requerido.
common_voice_pt_35160615|Pedras de Maria da Cruz
common_voice_pt_35160616|a necessidade da exploração e da expropriação
common_voice_pt_35160617|exceto quando implicar a reabertura da instrução ou a conversão
common_voice_pt_35160618|o julgamento de agravo interno;
common_voice_pt_35160619|a extirpação de preconceitos e mitos de todo tipo
common_voice_pt_35160620|sofismas
common_voice_pt_35160621|cousas
common_voice_pt_35160622|Chicote molhado, eu vi regado.
common_voice_pt_35160623|situação de homem oprimido e esmagado
common_voice_pt_35160624|a respeito do qual não se tenha dado às partes oportunidade de
common_voice_pt_35160625|Cruzeiro do Iguaçu
common_voice_pt_35160626|sistema burguês
common_voice_pt_35160627|toda classe da época medieval e do regime da servidão
common_voice_pt_35160628|monolítico
common_voice_pt_35160629|A produção da mais-valia absoluta
common_voice_pt_35160630|e seus aliados domésticos.
common_voice_pt_35160632|defensor intransigente dos interesses dos maiores industriais paulistas
common_voice_pt_35160633|empresas altamente mecanizadas
common_voice_pt_35160634|a espontaneidade na transmissão de informações
common_voice_pt_35160635|em benefício dos latifundiários
common_voice_pt_35160636|conhecido agente do imperialismo ianque
common_voice_pt_35160637|seres encerrados numa colônia de trabalho forçado
common_voice_pt_35160639|o caráter antagônico de nossas relações sociais
common_voice_pt_35160640|a satisfação das necessidades econômicas mais imediatas
common_voice_pt_35160641|Um licor é desenhado antes de um coxo.
common_voice_pt_35160642|Assis Chateaubriand
common_voice_pt_35160643|Capital constante e capital variável
common_voice_pt_35160644|Como Executar a Ação
common_voice_pt_35160645|causa que exija urgência no julgamento
common_voice_pt_35160646|envolvem a agricultura e a indústria extrativa
common_voice_pt_35160647|visando barrar o processo da democratização em que nos encontramos
common_voice_pt_35160648|mês
common_voice_pt_35160649|caráter de classe
common_voice_pt_35160650|Coronel Murta
common_voice_pt_35160651|Montadas
common_voice_pt_35160652|à tutela provisória de urgência
common_voice_pt_35160653|ateísmo militante
common_voice_pt_35160654|México
common_voice_pt_35160655|Vila Flores
common_voice_pt_35160656|Quantas das palavras ela já viu?
common_voice_pt_35160657|acintosamente
common_voice_pt_35160658|Mensagem Inaugural da Associação Internacional dos Trabalhadores
common_voice_pt_35160664|proveniência
common_voice_pt_35160665|Foi bacana, o episódio. Cada personagem doido...
common_voice_pt_35160666|Meu pai normalmente vai ao escritório de ônibus.
common_voice_pt_35160667|O chamado fundo de trabalho
common_voice_pt_35160668|As causas cíveis serão processadas e decididas
common_voice_pt_35160669|Bom dia, coloque-o no pote, que não vai faltar em patches.
common_voice_pt_35160670|Tibau do Sul
common_voice_pt_35160671|problemas materiais
common_voice_pt_35160672|A pedir o acompanhamento dos organismos internacionais
common_voice_pt_35160673|soviético
common_voice_pt_35160674|O Método da Economia Política
common_voice_pt_35160675|apaziguá-lo
common_voice_pt_35160676|o processamento e o julgamento
common_voice_pt_35160677|Rubelita
common_voice_pt_35160678|maneira mais brutal na conexão com o colonialismo
common_voice_pt_35160679|Ela tá pirando legal.
common_voice_pt_35160680|Conhecimento do Terreno
common_voice_pt_35160681|razoabilidade, a legalidade, a publicidade e a eficiência
common_voice_pt_35160682|nas conferências internacionais e pan-americanas
common_voice_pt_35160683|que requererá em juízo a medida solicitada.
common_voice_pt_35160684|cooperação jurídica internacional
common_voice_pt_35160685|minúsculas explorações agrícolas
common_voice_pt_35160687|É difícil de entender o que acontece, as coisas passam muito rápido.
common_voice_pt_35160688|Sebastião Barros
common_voice_pt_35202018|ideologicamente
common_voice_pt_35202019|Guerra nas Montanhas no Passado e no Presente
common_voice_pt_35202020|brutal ofensiva contra os interesses das classes trabalhadoras
common_voice_pt_35202021|generais traidores
common_voice_pt_35202022|Com o tempo e a palha, as meninas envelhecem.
common_voice_pt_35202051|Bom, agora tenho que ir.
common_voice_pt_35202052|Compete à autoridade judiciária brasileira processar e julgar as ações em que:
common_voice_pt_35202053|Uma Definição do Guerrilheiro Urbano
common_voice_pt_35202054|da linha comunista chinesa
common_voice_pt_35202055|será a proletarização cada vez maior das massas
common_voice_pt_35202061|Seja um Voluntário!
common_voice_pt_35202062|Varjão de Minas
common_voice_pt_35202063|das mais cínicas e estúpidas
common_voice_pt_35202064|Como Enfrentar os Problemas da Revolução Agrária e Anti-Imperialista
common_voice_pt_35202065|Não pense assim, embora!
common_voice_pt_35202071|os documentos anexos
common_voice_pt_35202072|lutar com êxito contra a burguesia
common_voice_pt_35202073|Alto Paraíso de Goiás
common_voice_pt_35202074|católico
common_voice_pt_35202075|companheiros
common_voice_pt_35202086|Estava coberto por isso.
common_voice_pt_35202087|Brodowski
common_voice_pt_35202088|Meu nome está nos jornais.
common_voice_pt_35202089|a expansão do cambio negro, da especulação, da usura
common_voice_pt_35202090|Pesa-me, realmente me pesa, como uma condenação a conhecer
common_voice_pt_35202100|Disposições Gerais
common_voice_pt_35202101|recebimento de renda ou obtenção de benefícios econômicos;
common_voice_pt_35202102|exército de reserva
common_voice_pt_35202103|e seguros, exploração de riquezas naturais, fábricas, usinas
common_voice_pt_35202104|A fruta cresce em rochas altas.
common_voice_pt_35202115|no Prefácio, são brilhantes
common_voice_pt_35202116|pleitear direito alheio em nome próprio, salvo
common_voice_pt_35202117|Santa Clara do Sul
common_voice_pt_35202118|em prazo razoável a solução integral do mérito, incluída a atividade satisfativa
common_voice_pt_35202119|pela desvalorização do cruzeiro
common_voice_pt_35202132|um quadro completo de, nossa realidade, como um sistema determinado
common_voice_pt_35202133|contratos com empresas multinacionais para obter novas tecnologias
common_voice_pt_35202139|o começo duma grande revolução
common_voice_pt_35202140|continuarem a receber as migalhas que o imperialismo norte-americano lhes lança da festa
common_voice_pt_35202146|lucros extraordinários
common_voice_pt_35202147|Vou assistir uma série com a família. Impeachment, o nome.
common_voice_pt_35202148|ir a África
common_voice_pt_35202149|Na ausência de normas que regulem processos eleitorais
common_voice_pt_35202150|Araioses
common_voice_pt_35202165|mostra o caminho histórico percorrido pelo ser humano
common_voice_pt_35202166|requerente assegurar a autenticidade e a clareza do pedido.
common_voice_pt_35202167|Sirinhaém
common_voice_pt_35202168|de tese jurídica firmada em julgamento de casos repetitivos;
common_voice_pt_35202169|A apatia é pior que o ódio
common_voice_pt_35202175|progressos medíocres
common_voice_pt_35202176|intimidação
common_voice_pt_35202177|Rio do Fogo
common_voice_pt_35202178|Instruções para os Delegados do Conselho Geral Provisório. As Diferentes Questões
common_voice_pt_35202179|A Real Causa pela qual os Proletários Franceses Mativeram-se Inativos no Último Dezembro
common_voice_pt_35202189|Do Auxílio Direto
common_voice_pt_35202190|o direito de greve está praticamente anulado com a sistemática prisão de grevistas
common_voice_pt_35202191|Depressa! Exclamou a frentista
common_voice_pt_35202192|Oeiras
common_voice_pt_35202193|Onde há galos, não há galinhas.
common_voice_pt_35202199|Um não pode ser mostrado sem desonra.
common_voice_pt_35202200|fraseologia
common_voice_pt_35202201|das reuniões sindicais, além da intervenção ministerial ou policial
common_voice_pt_35202202|Guerrilha Urbana, Escola para Selecionar o Guerrilheiro
common_voice_pt_35202203|governo Sarney
common_voice_pt_35202204|Jaciara
common_voice_pt_35202205|Itapecerica
common_voice_pt_35202206|velha guarda
common_voice_pt_35202207|Para San Juan, trigo no campo; para São Pedro, trigo na época.
common_voice_pt_35202208|decorrentes de relações de consumo, quando
common_voice_pt_35202209|antissocial
common_voice_pt_35202210|materialistas
common_voice_pt_35202211|chorar o retorno aqueles tempos de solidariedade, enquanto que a realidade exige a luta
common_voice_pt_35202212|colossais frases pretensiosas sobre os grandes ideais
common_voice_pt_35202213|servilismo
common_voice_pt_35202214|Mas no final... tudo caiu na família.
common_voice_pt_35202215|em matéria de sucessão hereditária, proceder à
common_voice_pt_35202216|fazer avançar realmente toda a massa
common_voice_pt_35202217|Galileia
common_voice_pt_35202218|Nunca discuta com pão e manteiga.
common_voice_pt_35202219|Com a ingenuidade que lhes é própria, estes senhores não querem compreender
common_voice_pt_35202220|Dormentes
common_voice_pt_35202221|Hehehe!
common_voice_pt_35202222|Olhos que não vêem, coração que não sente.
common_voice_pt_35202223|Santa Albertina
common_voice_pt_35202224|Nós vivemos e as coisas que veremos.
common_voice_pt_35202226|Vigésimo segundo capítulo. Transformação de mais-valia em capital
common_voice_pt_35202227|O que você fez com isso?
common_voice_pt_35202228|herança
common_voice_pt_35202229|à destruição do regime social baseado na opressão do trabalhador
common_voice_pt_35202230|o melhoramento, o apoio e o restabelecimento de sua economia
common_voice_pt_35202231|Estômago cheio, rumores vazios.
common_voice_pt_35202232|o poder legislativo federal, de diversos Estados e do Distrito Federal
common_voice_pt_35248769|o Brasil era um país cujas tarifas de importação figuravam entre as mais baixas
common_voice_pt_35248770|Pedreira
common_voice_pt_35248771|Rio Brilhante
common_voice_pt_35248772|Dossiê da lavanda
common_voice_pt_35248773|Nossa vida, no teu seio, mais amores
common_voice_pt_35248774|Mulheres e o mar, você deve saber enganá-los.
common_voice_pt_35248775|o julgamento de recursos repetitivos ou de
common_voice_pt_35248776|Santa Rosa da Serra
common_voice_pt_35248777|Faça bem e não olhe quem é.
common_voice_pt_35248778|Tambaú
common_voice_pt_35248779|Rio de Contas
common_voice_pt_35248781|Variações simultâneas na duração, força produtiva e intensidade do trabalho
common_voice_pt_35248782|competência internacional exclusiva
common_voice_pt_35248783|as preferências legais e as metas estabelecidas
common_voice_pt_35248784|Jornal do Comércio
common_voice_pt_35248785|os social-democratas aderem sem reservas
common_voice_pt_35248786|a publicidade processual
common_voice_pt_35248787|Expropriação do povo do campo da terra
common_voice_pt_35248788|Ibiporã
common_voice_pt_35248789|esclarecer o regime político-econômico desse sistema que o oprime
common_voice_pt_35248790|trabalhistas
common_voice_pt_35248791|Mortugaba
common_voice_pt_35248792|base militar norte-americana em nosso território
common_voice_pt_35248793|Cloud-Blue disse isso e ele sempre estava certo.
common_voice_pt_35248794|crescerá a social-democracia
common_voice_pt_35248795|Você poderia ter trazido eles lá!
common_voice_pt_35248796|Todos os julgamentos dos órgãos do Poder Judiciário serão públicos
common_voice_pt_35248797|tanto do idealista como do materialista
common_voice_pt_35248798|Terminou o vinho, fora do barril.
common_voice_pt_35248799|Chapada do Norte
common_voice_pt_35248800|uma guerra, não contra pessoas isoladas, e sim contra a classe
common_voice_pt_35248801|Terra Rica
common_voice_pt_35248802|Carta a Bebel
common_voice_pt_35248803|Argirita
common_voice_pt_35248804|Ela tem que ir.
common_voice_pt_35248805|No oeste, nem vento nem bom casamento.
common_voice_pt_35248806|pelo Conselho Nacional de Justiça;
common_voice_pt_35248807|Nazário
common_voice_pt_35248808|estadista
common_voice_pt_35248809|Serra Branca
common_voice_pt_35248810|Estrela de Alagoas
common_voice_pt_35248812|Bernardo Sayão
common_voice_pt_35248813|Veja você satisfeito!
common_voice_pt_35248814|São Sebastião do Rio Verde
common_voice_pt_35248815|Estatutos Gerais da Associação Internacional dos Trabalhadores
common_voice_pt_35248816|A senhora gosta de uma pessoa...
common_voice_pt_35248817|Adoro esse estilo de arquitetura.
common_voice_pt_35248818|cândido
common_voice_pt_35248819|vacilações
common_voice_pt_35248820|Florânia
common_voice_pt_35248821|Santiago
common_voice_pt_35248822|ainda que o titular seja de nacionalidade estrangeira
common_voice_pt_35248824|Santo Antônio do Aventureiro
common_voice_pt_35248825|a liberdade de imprensa está reduzida a farrapos
common_voice_pt_35248826|O amor é como um mês; quando cresce, já está chovendo.
common_voice_pt_35248827|Juventude Comunista
common_voice_pt_35248828|Os Resultados Eventuais da Dominação Britânica na India
common_voice_pt_35248834|Jaçanã
common_voice_pt_35248835|tiver sua sentença ou acórdão anulado
common_voice_pt_35248836|das dificuldades de transporte, da falta de crédito e suas consequências
common_voice_pt_35248837|Wall Ferraz
common_voice_pt_35248838|Quirinópolis
common_voice_pt_35248839|entrega a Nação à exploração total dos grandes bancos, trustes e monopólios
common_voice_pt_35248840|Discurso Diante do Tumulo de Karl Marx
common_voice_pt_35248841|Nesse sentido é bem elucidativo, para não falar nas cisões e recomposições do
common_voice_pt_35248842|Novo Oriente do Piauí
common_voice_pt_35248843|Estamos planejando uma visita ao Grand Canyon.
common_voice_pt_35248844|João Câmara
common_voice_pt_35248845|sacrificar seu democratismo e a aliar-se aos reacionários para reprimir os operários
common_voice_pt_35248846|crítica consciente das religiões
common_voice_pt_35248847|Não havia religião, ordem ou autoridade e... claro!
common_voice_pt_35248848|Nova Belém
common_voice_pt_37800921|intestino delgado, cinetose, cisto, fecal, ceco, fossa poplítea, mamário, lúteo, folicular, poplíteo
common_voice_pt_37800922|Canalize seu ódio para os responsáveis da situação, a burguesia é o alvo
common_voice_pt_37800923|estanho, antimônio, telúrio, iodo, xenônio, césio, bário, lutécio, háfnio, tântalo, tungstênio, rênio, ósmio, irídio
common_voice_pt_37800924|gambé, ganso, garfar, gato brabo, gelada, gererê, goma, gororóba, grampo, groselha, grude
common_voice_pt_37800925|juízos divisórios
common_voice_pt_37800931|Anarcocomunismo, comunitarismo
common_voice_pt_37800933|Sassânidas, Partas, Tauro, turcos, cruzada, oguzes, seljúcidas, uralo-altaica
common_voice_pt_37800934|prescrição
common_voice_pt_37800935|Médicos legistas e odontolegistas
common_voice_pt_37800936|Felipe Gasper
common_voice_pt_37800937|singular
common_voice_pt_37800938|Redução da jornada de trabalho para trinta horas, pauta da Sofia Manzano
common_voice_pt_37800940|Elias Jabbour
common_voice_pt_37800941|Richard Stallman
common_voice_pt_37800944|meridional, pirataria, pirateado, pirateada
common_voice_pt_37800945|xarope, xepa, xinfrim, michuruca, xumbrega, zebedeu, tapeado, zebra, sentenciado
common_voice_pt_38070353|Indústria Carboquímica Catarinense
common_voice_pt_38070354|angulado, articulado, passador, sugador, biópsia de pleura, prostático, apical, oliva, auxiliar
common_voice_pt_38070355|débito
common_voice_pt_38070356|ofícios
common_voice_pt_38070357|dura, jega, jeremias, jibóia, joão meia dúzia, juntar os pés, justa, lambedeira, lambrêgo, lança
common_voice_pt_38070369|Você nunca será rico, só aumentará a riqueza de quem está acima
common_voice_pt_38070370|Cessa
common_voice_pt_38070371|acidentes
common_voice_pt_38070413|O alto desemprego é útil para manter os salários baixos. Lute.
common_voice_pt_38070414|tolerante, salinidade, geneticista, alelos dominantes e recessivos, autopolinização, polinização cruzada
common_voice_pt_38070415|desobediência
common_voice_pt_38070416|Quando o povo se divide, os tubarões lhe devoram
common_voice_pt_38070417|extraída
common_voice_pt_38070418|prudente
common_voice_pt_38070419|Queremos que todos tenham o mínimo: saúde, segurança, educação, moradia
common_voice_pt_38070420|Capaticismo, capacitistas
common_voice_pt_38070421|tabelião
common_voice_pt_38070433|dependendo do polo em que se encontre.
common_voice_pt_38070436|habeas data, impetrada, retificação, acréscimo
