common_voice_pt_38405884|autocatalíticas, isobárica, isocórica, isotérmica, adiabática, isentrópica, isentálpica, politrópica, irreversibilidade
common_voice_pt_38405885|reposição
common_voice_pt_38405886|geodésica
common_voice_pt_38405887|tais obrigações do beneficiário.
common_voice_pt_38405888|desobstruir, brocas, dentado, garfo, desdentado, camper, incisal, afastador, romba, gota, baioneta
common_voice_pt_38405889|lácteos, escasseiam, forragens, dispendiosas, conjugar, facetas, maquinaria, duma, equipa
common_voice_pt_38405890|teratógenos, toxicologia, tétano, botulismo, peçonhento
common_voice_pt_38405894|dreno, cárter, sobremarcha, supermultiplicadora, transbordamento, sobreaquecimento, pinhão, cilindrada
common_voice_pt_38405895|chocar, chincheiro, cemitério, cana, prisão, cadeia, presídio, xadrez
common_voice_pt_38405897|colônias, micélio, consumíveis, polipropileno, rotaevaporador, titulador, tituladores, coulométrico
common_voice_pt_38405898|Para viajar basta existir.
common_voice_pt_38405899|ressalvadas
common_voice_pt_38405901|simulados
common_voice_pt_38405903|subutilizadas, degradadas, abandonadas, defensivos, frigoríficos, indústrias têxteis, calçadistas, empacotadores
common_voice_pt_38405905|trânsito em julgado da decisão
common_voice_pt_38405907|quimbundo, castelhano, carbonizadas, inalação, Índia, Nepal, Vedas
common_voice_pt_38405909|Dia bom pra morrer
common_voice_pt_38405910|alcóxidos, salicilaldeído, fenóxido, fenóis, cádmio, dialquilcádmio, catalisadores, reatividade
common_voice_pt_38405911|ostente
common_voice_pt_38405912|permutações, perpendicular, perpendiculares, interceptam, peso, perímetro, área, volume, pictograma, pirâmide
common_voice_pt_38405914|equitativo
common_voice_pt_38405917|rígido, pouco flexível, rijo, hirto, teso
common_voice_pt_38405918|interindividuais, pacificação, conspiração, instituído, compondo
common_voice_pt_38405919|companhia, frente, estado-maior central, contra-inteligência, antipatia, indígenas, afrodescendentes, grotões
common_voice_pt_38405921|monocálcicos, duplo, triplo, precipitados, bicálcico, tricálcico, clorídrico, escória, serranofosfato
common_voice_pt_38405923|A pressa
common_voice_pt_38405924|A narração do leitor do narrador e da narradora
common_voice_pt_38405926|isopropilmagnésio, permuta, acetal, proquiral, dicetonas, aldeído, estereoisômero, enolato, alifáticas
common_voice_pt_38405928|canjibrina, pinga, cano, capim, capim sêco, carango, caranguejeiro, caranguejo, cartear marra
common_voice_pt_38405931|direitos reais
common_voice_pt_38405933|Rosa Luxemburgo
common_voice_pt_38405934|esquizofrenogénica, possessiva, dominadora, esquizofrênicas, neuróticas, mesolímbica, mesocortical
common_voice_pt_38405935|dúzias, grosa, gugol, gugolplex, unidades, hectare, heptacórdio, heptaedro, heptágono, polígino, poliedro, heptagonal
common_voice_pt_38405938|acolher
common_voice_pt_38405939|Aqueia de Micenas, Hélade, dórios, dóricas, genos
common_voice_pt_38405942|Não basta entender a precariedade humanitária do capitalismo, é necessário agir em unidade
common_voice_pt_38405943|Nasal, oclusiva, fricativa, lateral, vibrante, bilabial, labio-dental, dental, alveolar
common_voice_pt_38405945|kratom
common_voice_pt_38405947|na qualidade de sócio, aplicando-se à hipótese
common_voice_pt_38405952|O interpol conseguiu prender células de grupos terroristas neonazistas brasileiros da internet
common_voice_pt_38405953|estabilidade
common_voice_pt_38405955|assessorar
common_voice_pt_38405961|Uma m
common_voice_pt_38405962|Manoel Lisboa
common_voice_pt_38405963|dreque, espolotiado, aprontador, duana, durão, dureza, embandeirado, embarcar, embrulhada
common_voice_pt_38405964|gráfico
common_voice_pt_38405966|drogadição, reabilitação, drogaditos, toxicodependentes, psicoterapia, ímpeto, fermentados
common_voice_pt_38405968|amisulprida, tioridazida, clozapina, refratários, serotoninérgica, sintomatologia, agranulocitose
common_voice_pt_38405969|coação
common_voice_pt_38405970|inventariante
common_voice_pt_38405973|haloalcano, fluoroalcano, cloroalcano, bromoalcano, iodoalcano, alquila, hemiacetal, hemicetal, acetal, cetal, ortoester
common_voice_pt_38405974|Bolívia, Paraguai, Venezuela, Paquistão, Turquia, Chile, Myanmar, Afeganistão
common_voice_pt_38405975|bisturi, cureta, espátula, punção, canulação, retina, porta-agulha, trefina
common_voice_pt_38405976|Franjas, uniforme de gala, oficiais, franco-atiradores
common_voice_pt_38405977|Diário da Justiça
common_voice_pt_38405980|gânglios simpáticos, parassimpáticos, salivação, brônquios, vesícula biliar
common_voice_pt_38405981|gelo, fumaça do diabo, pônei, bomba, caimão, laje, abridor de olhos, kryptonita, lancha, nuvem
common_voice_pt_38405982|protesto
common_voice_pt_38405983|deprecante, deprecar, derrogação, ab-rogação
common_voice_pt_38405984|agorafobia, adenomiose, alvéolos, amaurose fugaz, anasarca, anca, anemia, hemácias, eritrócitos, aneurisma, anosmia
common_voice_pt_38405992|guevarismo, foquismo, bolivarianismo, revolucionário, nacionalismo, extrema-esquerda
common_voice_pt_38405993|Lesa-pátria, Sônia Guajajara
common_voice_pt_38405995|Saariana, saariano, terras austrais e antárticas
common_voice_pt_38405996|ângulo sólido, vazão, fluxo, torque, específico, condutividade térmica, potência, massa, densidade
common_voice_pt_38405997|Montagem da peça belga desmontável de montanha de cinco polegadas e meia
common_voice_pt_38405998|fosgênio, aceptor, nucléofilo, reativo, reagente, polimerizar, dióis, diaminas, poliuretano
common_voice_pt_38406000|averbação
common_voice_pt_38406001|ordenará
common_voice_pt_38406008|lavrar, arar, descompactá-la, degelo, aeração, semeadura, arejamento, minhocas, corretivos de acidez
common_voice_pt_38406009|santo daime, união do vegetal, seitas, hematoencefálica, neuroquímica
common_voice_pt_38406011|autoclavável, cautério, monopolar, capilar, obeso, higiênica, fórmica, cinta, freios
common_voice_pt_38406012|Roupa suja se lava em casa.
common_voice_pt_38406013|inalado, ingerido ou injetado
common_voice_pt_38406016|birremes, galé, velas, remos, epicentro
common_voice_pt_38406021|monopolar, fenestrada, torácica, otomano, poltrona, estofada
common_voice_pt_38406022|O projeto commonvoice precisa de diversidade, vamos fazer propaganda do projeto na internet
common_voice_pt_38406023|devolução
common_voice_pt_38406024|audiências
common_voice_pt_38406026|quadriláteros, probabilidade, quociente, lançamento, aritmética, escalar, cosseno, seno, progressão aritmética
common_voice_pt_38406027|Ou é normal ficar como "não processado"?
common_voice_pt_38406028|quarteadores de amostras, prensas hidráulicas, orvalho, moinhos multiuso, fertilizantes, martelos
common_voice_pt_38406029|sinais, binário, circuitos eletrônicos internos
common_voice_pt_38406030|declaração
common_voice_pt_38406032|procurador-geral, sucumbência, vencida, decorrentes, súmula, extrato, resumo, compêndio, reiteradas, exaradas, versando
common_voice_pt_38406033|bens imóveis que lhes assegurem o pagamento
common_voice_pt_38406034|agrária
common_voice_pt_38406039|É dando que se recebe.
common_voice_pt_38406044|Fernando Pessoa
common_voice_pt_38406045|Édito de Milão, bárbaros, ocidente, oriente
common_voice_pt_38406046|visuais e auditivas, estramónio
common_voice_pt_38406048|comprometer-se
common_voice_pt_38406050|Social-liberalismo, liberais, liberal
common_voice_pt_38406051|Hoje é segunda-feira.
common_voice_pt_38406053|tomador na marra, toqueiro, totó, cagueta, trabucar, trabuco, trampo, tranca, tranqueira
common_voice_pt_38406055|execuções
common_voice_pt_38406057|domínio
common_voice_pt_38406058|financiamento, mariposa cigana, parasitoides, vespas, conservação
common_voice_pt_38407659|decadência, monocrática, veredito
common_voice_pt_38407660|denegação
common_voice_pt_38407661|O meu trampo tá foda
common_voice_pt_38407662|subníveis, radial, recuo por crateras verticais, recalque, corte, enchimento, aterro
