common_voice_pt_40081155|A estriagem das almas feito pelo canadiano
common_voice_pt_40081157|Em caso algum estes direitos e liberdades poderão ser exercidos contrariamente e aos fins.
common_voice_pt_40081158|Telegram, Orkut, TikTok, Instagram
common_voice_pt_40081160|Mas tu é abagualado, hein?
common_voice_pt_40081163|Utilizamos TDD para garantir a qualidade do código.
common_voice_pt_40081164|Minha conta corrente está vazia.
common_voice_pt_40081179|Scrum é uma metodologia de desenvolvimento ágil.
common_voice_pt_40081213|A equipe está otimizando o database para melhor desempenho.
common_voice_pt_40081227|Uma flor mora no meu coração.
common_voice_pt_40081232|Vamos ver o preço. Setenta e nove e noventa!
